hotel,username,country,score,date_written,positive,negative,tags
Vitoria,Cristina,España,9.0,Escrito en 10 de diciembre de 2025,"Ubicación excelente. Muy limpio, la cama muy cómoda.
La cocina pequeña pero tenía de todo, hasta lavavajillas y lavadora
Luminoso",Lo único malo fue que el nórdico del sofá cama era de 90cm cuando la cama era mucho más ancha,"['•Viaje de ocio', '•Familia con niños pequeños', '•Apartamento de 1 dormitorio', '•Estancia de 3 noches', '•Enviado por móvil']"
Vitoria,Manuel,España,10.0,Escrito en 8 de diciembre de 2025,Limpieza y decoración,Almohadas,"['•Viaje de ocio', '•Familia con niños pequeños', '•Apartamento de 1 dormitorio', '•Estancia de 2 noches', '•Enviado por móvil']"
Vitoria,Jose,España,8.0,Escrito en 8 de diciembre de 2025,"Me gusto, la limpieza, centrico. A 10 minutos ( o menos) del centro historico. Servicios como ( supermercado, cafeterias, restaurantes)  a 1 minuto","El tener que hacer el check-in uno mismo, aunque no me resulto complicado, creo que seria mucho mejor el que habria alguna persona para poder hacerlo .El tener la salida a las 11h, normalmente las salida suele ser entre las 12 y 13 horas, aunque comprendo que hay que realizar limpieza, pero una hora mas estaria muy bien. Y el no tener una consigna o un lugar para poder dejar maletas, bien como servicio del alojamiento o bien de pago.","['•Viaje de ocio', '•Grupo', '•Apartamento de 1 dormitorio', '•Estancia de 2 noches']"
Vitoria,Elalbarracin,España,7.0,Escrito en 8 de diciembre de 2025,Buena ubicación. Los baños perfectos. Las camas bien. El sofá cama una castaña.,El olor a humo de la habitación. Pero como no hay recepción no puedes protestar a nadie.,"['•Viaje de ocio', '•Familia con niños pequeños', '•Apartamento de 2 dormitorios', '•Estancia de 2 noches', '•Enviado por móvil']"
Vitoria,Gemma,España,8.0,Escrito en 7 de diciembre de 2025,"Todo, la ubicación, lo fácil que es acceder y lo bien comunicado que está con todo","Hacía muchísima calor, aunque es diciembre pero en el apartamento hacía mucha calor .. por todo para mi fué perfecto ! Lo único la calefacción demasiado alta","['•Viaje de ocio', '•Grupo', '•Apartamento de 1 dormitorio', '•Estancia de 1 noche', '•Enviado por móvil']"
Vitoria,Ane,España,9.0,Escrito en 3 de diciembre de 2025,Centrico y acogedor.,"Al ser el octavo piso las ventanas solo se abre en batiente, por lo que pasamos un poco de calor.","['•Viaje de negocios', '•Pareja', '•Apartamento de 1 dormitorio', '•Estancia de 5 noches', '•Enviado por móvil']"
Vitoria,Dolores,España,9.0,Escrito en 2 de diciembre de 2025,"La ubicación, la limpieza y la comodidad del apartamento. Muy fácil y muy rápido contactar con la conserjería 24 horas.",Nada,"['•Viaje de ocio', '•Pareja', '•Apartamento Estudio', '•Estancia de 3 noches', '•Enviado por móvil']"
Vitoria,Elixabete,España,8.0,Escrito en 2 de diciembre de 2025,,El sofa cama es muy incomodo.,"['•Viaje de ocio', '•Familia con niños pequeños', '•Apartamento de 2 dormitorios', '•Estancia de 2 noches', '•Enviado por móvil']"
Vitoria,Sanz,España,7.0,Escrito en 1 de diciembre de 2025,La ubicación,Un poco caro para lo que ofrece.,"['•Viaje de ocio', '•Pareja', '•Apartamento Estudio', '•Estancia de 5 noches', '•Enviado por móvil']"
Vitoria,Touriño,España,10.0,Escrito en 28 de noviembre de 2025,Nos encantó,Nos gusto todo,"['•Viaje de ocio', '•Familia con niños pequeños', '•Apartamento de 1 dormitorio', '•Estancia de 1 noche', '•Enviado por móvil']"
Vitoria,Gloriadp,España,7.0,Escrito en 23 de noviembre de 2025,"El apartamento en general, bien distribuido y con todo lo necesario. Buena ubicación. Personal amable.","El sofá cama era bastante incómodo,","['•Viaje de ocio', '•Familia con niños pequeños', '•Apartamento de 1 dormitorio', '•Estancia de 2 noches', '•Enviado por móvil']"
Vitoria,Arantxa,España,9.0,Escrito en 20 de noviembre de 2025,"Nos hospedamos con nuestra mascota y la sorpresa fue que nos pusieron una camita, y boles para la comida y elagua además de un poco de comida. Todo un detalle. Gracias.",,"['•Viaje de ocio', '•Pareja', '•Apartamento Estudio', '•Estancia de 1 noche', '•Enviado por móvil']"
Vitoria,Maria,España,8.0,Escrito en 16 de noviembre de 2025,"Bien ubicado. Bastante nuevo, la habitación principal cómoda.","Sofá cama incómodo y no dejan ropa de abrigo (mantas, etc) en noviembre. La falta de personal hace perder calidez a la estancia y detalles como poder dejar el coche en el parking un ratito más resulten imposibles.","['•Viaje de ocio', '•Grupo', '•Apartamento de 1 dormitorio', '•Estancia de 2 noches', '•Enviado por móvil']"
Vitoria,Rocio,España,10.0,Escrito en 16 de noviembre de 2025,"Estaba todo muy limpio, lo cual se agradece muchísimo, pack de bienvenida, más que de agradecer se nota la calidad de la habitación solo entrar. Para nosotros un 10, de echo, volvemos en una dos o tres semanas",,"['•Viaje de ocio', '•Familia con niños pequeños', '•Apartamento de 1 dormitorio', '•Estancia de 1 noche', '•Enviado por móvil']"
Vitoria,Marisa,España,9.0,Escrito en 15 de noviembre de 2025,"Muy buena ubicación, comodidad y buen trato",La única pega el sofá cama,"['•Viaje de ocio', '•Familia con niños pequeños', '•Apartamento de 1 dormitorio', '•Estancia de 5 noches', '•Enviado por móvil']"
Vitoria,Miriam,España,8.0,Escrito en 9 de noviembre de 2025,"La ubicación, se aparca fácil por la zona. Para ir en familia haces uso de la cocina y lavadora.","No había detergente para la lavadora ni lavavajillas, pedimos y no les quedaba. En 7 días no pasaron a limpiar ninguna vez.","['•Viaje de ocio', '•Familia con niños pequeños', '•Apartamento de 1 dormitorio', '•Estancia de 7 noches', '•Enviado por móvil']"
Vitoria,Vanesa,España,8.0,Escrito en 9 de noviembre de 2025,La ubicación a 10 minutos del centro.,Sofá cama un poco incómodo.,"['•Viaje de ocio', '•Familia con niños pequeños', '•Apartamento de 1 dormitorio', '•Estancia de 1 noche', '•Enviado por móvil']"
Vitoria,Gema,España,10.0,Escrito en 9 de noviembre de 2025,Excelente,Si,"['•Viaje de ocio', '•Grupo', '•Apartamento de 1 dormitorio', '•Estancia de 2 noches', '•Enviado por móvil']"
Vitoria,Felipe,España,10.0,Escrito en 8 de noviembre de 2025,Muy confortable y con detalles,La calefacción estaba muy alta,"['•Viaje de ocio', '•Familia con niños pequeños', '•Apartamento de 2 dormitorios', '•Estancia de 1 noche', '•Enviado por móvil']"
Vitoria,Mar,España,8.0,Escrito en 2 de noviembre de 2025,"Me gustó el detalle del regalo ,la caja con snack.",,"['•Viaje de ocio', '•Familia con niños pequeños', '•Apartamento Estudio', '•Estancia de 1 noche', '•Enviado por móvil']"
Vitoria,Maite,España,8.0,Escrito en 31 de octubre de 2025,"Un  bonito apartamento perfecto para visitar Vitoria y los alredederes. Bien situado, y bien equipado. Recepción virtual 24/7 fácil de utilizar.",Hemos echado en falta algo más de menaje en la cocina.,"['•Viaje de ocio', '•Familia con niños pequeños', '•Apartamento de 1 dormitorio', '•Estancia de 3 noches', '•Enviado por móvil']"
Vitoria,Alexandra,Colombia,10.0,Escrito en 31 de octubre de 2025,Seguridad u comodidad súper impecables ubicación 10/10,,"['•Viaje de negocios', '•Pareja', '•Apartamento de 2 dormitorios', '•Estancia de 3 noches', '•Enviado por móvil']"
Vitoria,Ana,España,10.0,Escrito en 29 de octubre de 2025,Perfectamente dotado para hacer la estancia cómoda,"La hora de check in
Que no hubieras taquillas para equipaje  facilitaría la estancia","['•Viaje de ocio', '•Grupo de amigos', '•Apartamento de 1 dormitorio', '•Estancia de 1 noche', '•Enviado por móvil']"
Vitoria,Carlota,España,10.0,Escrito en 27 de octubre de 2025,"La habitación/apartamento era estupendo, ña ubicación es perfecta y la facilidad de acceso y añadir más servicios muy muy buena.",,"['•Familia con niños pequeños', '•Apartamento Estudio', '•Estancia de 4 noches', '•Enviado por móvil']"
Donosti,Elena,España,8.0,Escrito en 30 de noviembre de 2025,En general todo bien.,Un poco lejos del centro.,"['•Viaje de ocio', '•Persona que viaja sola', '•Cama en habitación compartida mixta con 6 camas y baño compartido', '•Estancia de 1 noche', '•Enviado por móvil']"
Donosti,Alba,España,8.0,Escrito en 18 de noviembre de 2025,"Fácil check in, buena localización a 20 min andando por el paseo de la concha al centro
Habitación grande cómoda y bien dividida, no se escuchaba mucho ruido y eso que estaba lleno
Buenas zonas comunes en la planta 1
Nuestra habitación tenía unas vistas chulisimas
Buen servicio de cafetería y buen ambiente","No es fácil encontrar aparcamiento si llevas coche y es zona verde (de pago, aunque la mañana de un sábado son solo 4 € mucho más económico que un parking)","['•Viaje de ocio', '•Grupo', '•Habitación Familiar con baño privado', '•Estancia de 2 noches', '•Enviado por móvil']"
Donosti,Antonio,España,9.0,Escrito en 9 de noviembre de 2025,"Atención del personal
La limpieza",Quizás un poco lejos del centro para ir andando,"['•Viaje de ocio', '•Persona que viaja sola', '•Cama en habitación compartida mixta con 6 camas y baño compartido', '•Estancia de 2 noches', '•Enviado por móvil']"
Donosti,Richard,España,7.0,Escrito en 8 de noviembre de 2025,,"A las 05:00 han llegado un grupo haciendo ruido/ bebidos supuestamente. 
Ya no he vuelto a dormir","['•Viaje de negocios', '•Persona que viaja sola', '•Cama en habitación compartida mixta con 6 camas y baño privado', '•Estancia de 1 noche', '•Enviado por móvil']"
Donosti,Ana,Guatemala,8.0,Escrito en 6 de noviembre de 2025,Fue simple y practica la reserva y el check in. Es un lugar ordenado y estructurado.,"Para todo aquel que este pensando reservar en este lugar debe saber que este hostal está ubicado encima de una colina y es cansado llegar y salir. Hay transporte urbano cerca pero igual toca subir o bajar la montaña. Pensé que iba a estar en el área comercial y no es así, alrededor hay apartamentos solamente. Al caminar un par de cuadras ya encuentras comercios pero no alrededor inmediato.","['•Viaje de ocio', '•Persona que viaja sola', '•Cama en habitación compartida mixta con 6 camas y baño compartido', '•Estancia de 4 noches', '•Enviado por móvil']"
Donosti,Claudia,España,7.0,Escrito en 4 de noviembre de 2025,La relación calidad - precio. Ideal para pasar un par de días entre amigas. A 20 minutos del centro de san Sebastián en autobús. Cómodo y agradable con un desayuno muy bueno relación precio! Recomendable.,"La habitación de 6 era pequeña para dejar maletas, mochilas, etc. y un baño para 6 chicas puede quedarse escaso en ocasiones. El resto todo muy bien!","['•Viaje de ocio', '•Grupo', '•Habitación con baño privado - 6 camas', '•Estancia de 2 noches', '•Enviado por móvil']"
Donosti,Aitor,España,9.0,Escrito en 3 de noviembre de 2025,"Habitacion bien, todo limpio y el personal majo.",Todo fue bien,"['•Viaje de ocio', '•Grupo', '•Habitación con baño privado - 8 camas', '•Estancia de 1 noche']"
Donosti,Juan,España,9.0,Escrito en 28 de octubre de 2025,Facilidades dadas por el personal,,"['•Viaje de ocio', '•Grupo', '•Habitación Familiar con baño privado', '•Estancia de 3 noches', '•Enviado por móvil']"
Donosti,Sánchez,España,8.0,Escrito en 24 de octubre de 2025,El compartir con otros viajeros,,"['•Persona que viaja sola', '•Cama en habitación compartida mixta con 6 camas y baño compartido', '•Estancia de 3 noches', '•Enviado por móvil']"
Donosti,Camila,Chile,7.0,Escrito en 22 de octubre de 2025,"El personal, muy amable",Mal olor de los desagües en los baños. Colchón de espuma se aplastaba hasta que terminadas durmiendo sobre la tabla de la cama,"['•Viaje de ocio', '•Pareja', '•Habitación Doble con baño privado - 2 camas', '•Estancia de 2 noches', '•Enviado por móvil']"
Donosti,Carlos,España,8.0,Escrito en 20 de octubre de 2025,Estaba muy céntrico. La ubicación es buena aunque hay que subir una cuesta grande para llegar.,Camas incómodas y habitación justita.,"['•Viaje de ocio', '•Pareja', '•Habitación Doble con baño privado - 2 camas', '•Estancia de 3 noches', '•Enviado por móvil']"
Donosti,Duron,España,9.0,Escrito en 19 de octubre de 2025,"Ubicación, limpieza, camareros muy bien(Mojar)!!",,"['•Viaje de ocio', '•Persona que viaja sola', '•Cama en habitación compartida mixta de 8 camas con baño privado', '•Estancia de 2 noches', '•Enviado por móvil']"
Donosti,Ingold,Uruguay,7.0,Escrito en 17 de octubre de 2025,Buena ubicación. Básicamente p gente joven. Muy amables todos los que trabajan,,"['•Viaje de ocio', '•Pareja', '•Habitación Doble con baño privado - 2 camas', '•Estancia de 1 noche', '•Enviado por móvil']"
Donosti,Mariano,España,8.0,Escrito en 15 de octubre de 2025,Hubicacion,,"['•Viaje de ocio', '•Familia con niños pequeños', '•Habitación Familiar con baño privado', '•Estancia de 1 noche', '•Enviado por móvil']"
Donosti,David,España,9.0,Escrito en 12 de octubre de 2025,Todo,Nada,"['•Pareja', '•Habitación Doble con baño privado - 2 camas', '•Estancia de 1 noche', '•Enviado por móvil']"
Donosti,Ivan,España,8.0,Escrito en 12 de octubre de 2025,Limpieza y buena ubicación. El personal muy amable,,"['•Viaje de ocio', '•Pareja', '•Habitación Doble con baño privado - 2 camas', '•Estancia de 1 noche', '•Enviado por móvil']"
Donosti,Elena,España,9.0,Escrito en 10 de octubre de 2025,,Me gustaría que la camas tuvieran cortinas para más intimidad,"['•Viaje de negocios', '•Persona que viaja sola', '•Cama en habitación compartida mixta con 6 camas y baño privado', '•Estancia de 1 noche', '•Enviado por móvil']"
Donosti,Luz,Colombia,9.0,Escrito en 10 de octubre de 2025,"La comodidad, el silencio y la vista",,"['•Viaje de ocio', '•Familia con niños pequeños', '•Habitación Familiar con baño privado', '•Estancia de 1 noche', '•Enviado por móvil']"
Donosti,Ruiz,España,9.0,Escrito en 2 de octubre de 2025,La atención del personal a cargo... Profesionales responsables,La ubicación física algo lejana,"['•Viaje de ocio', '•Persona que viaja sola', '•Cama en habitación compartida mixta con 6 camas y baño compartido', '•Estancia de 2 noches', '•Enviado por móvil']"
Donosti,Daniela,Chile,8.0,Escrito en 27 de septiembre de 2025,"La limpieza, el espacio y el orden del hostel. Los baños siempre limpios.","Que la cama tuviese un poco más de privacidad, de manera que no moleste la luz al entrar o salir los compañeros. El pequeño bloqueo de madera no es suficiente. Sugiero incluir cortinas pequeñas.","['•Viaje de ocio', '•Persona que viaja sola', '•Cama en habitación compartida mixta con 6 camas y baño compartido', '•Estancia de 3 noches']"
Donosti,Gomariz,España,9.0,Escrito en 23 de septiembre de 2025,Todo genial y los chicos de recepcion (sofia) y cocina (el rubio) excelentes,La habitación igual es algo estrecha para poder manipular las maletas,"['•Viaje de ocio', '•Persona que viaja sola', '•Cama en habitación compartida mixta con 6 camas y baño compartido', '•Estancia de 2 noches', '•Enviado por móvil']"
Donosti,Carmen,España,8.0,Escrito en 22 de septiembre de 2025,Su ubicación y funcionalidad,,"['•Viaje de ocio', '•Familia con niños pequeños', '•Habitación Familiar con baño privado', '•Estancia de 2 noches', '•Enviado por móvil']"
Donosti,Lorena,España,9.0,Escrito en 12 de septiembre de 2025,"Fue una estancia super breve pero pudimos descansar muy bien. No se escuchan muchos ruidos a pesar de ser un hostel. Camas cómodas, baños muy limpios y personal amable. Nos guardaron todo el equipaje durante el día de salida.",Aparcamiento complicado. Precio elevado para lo que es... Pero Donosti tiene eso.,"['•Viaje de ocio', '•Familia con niños pequeños', '•Habitación Doble con baño privado - 2 camas', '•Estancia de 1 noche']"
Donosti,Ilie,España,8.0,Escrito en 10 de septiembre de 2025,El personal,Todo bien,"['•Persona que viaja sola', '•Cama en habitación compartida mixta de 8 camas con baño privado', '•Estancia de 1 noche', '•Enviado por móvil']"
BilbaoMuseo,B,España,9.0,Escrito en 5 de diciembre de 2025,Ubicación,Terrible el extremo ambientador en la planta baja . Subes a la habitación mareado . Por demás. Acabé con osmofobia y cefalea .,"['•Viaje de negocios', '•Grupo', '•Estudio', '•Estancia de 1 noche', '•Enviado por móvil']"
BilbaoMuseo,Els,España,7.0,Escrito en 10 de noviembre de 2025,Diseño y emplazamiento.,"Sofa cama muy incómodo, hundido y con ruido de muelles con cada movimiento. Las habitaciones no tienen paredes, solo separación de ambiente con listones de madera en un espacio diáfano con el sala-cocina.","['•Viaje de ocio', '•Familia con niños pequeños', '•Apartamento de 1 dormitorio', '•Estancia de 1 noche', '•Enviado por móvil']"
BilbaoMuseo,Alvaro,España,8.0,Escrito en 25 de octubre de 2025,La terraza,Q no tenía cama era sofá cama,"['•Viaje de ocio', '•Pareja', '•Estudio', '•Estancia de 2 noches', '•Enviado por móvil']"
BilbaoMuseo,Her,Argentina,9.0,Escrito en 19 de octubre de 2025,"Super moderno, muy bien ubicado, en frente del museo. Amplio departamento, hermoso","La atención dejo mucho que desear, sobre todo porque no se le discute al huésped cuando no hay nada que discutir. Uno se puede equivocar, se piden disculpas y listo, pero echarle la culpa al huésped de la propia torpeza no va.  Pedí parking tres veces. Me lo cobraron y todo. Cuando llegue, me dijeron que ""creyeron que no lo quería"" porque un dia antes ""pedi indicaciones para el parking pero claramente nunca confirme que lo quería. O sea, pido parking, me lo cobran, pido indicaciones de como ir, en eso me piden que pase la placa que no llegue a leer, y como no la pase horas antes ""creyeron que no quería el parking y solo quería la dirección del mismo para ir a que...?","['•Viaje de ocio', '•Familia con niños pequeños', '•Estudio', '•Estancia de 2 noches', '•Enviado por móvil']"
BilbaoMuseo,Sergio,España,9.0,Escrito en 14 de octubre de 2025,Las vistas increíbles,,"['•Viaje de negocios', '•Familia con niños pequeños', '•Estudio', '•Estancia de 1 noche', '•Enviado por móvil']"
BilbaoMuseo,Rocío,España,9.0,Escrito en 9 de septiembre de 2025,Ubicación,,"['•Viaje de ocio', '•Familia con niños pequeños', '•Estudio', '•Estancia de 1 noche', '•Enviado por móvil']"
BilbaoMuseo,Pilar,España,9.0,Escrito en 31 de agosto de 2025,"Ubicación excelente, muy cómodo... pudimos adelantar la entrada a las 12 por una suplemento...",,"['•Viaje de ocio', '•Familia con niños pequeños', '•Estudio', '•Estancia de 1 noche', '•Enviado por móvil']"
BilbaoMuseo,Laura,España,9.0,Escrito en 30 de agosto de 2025,"Me gusto Todo, ubicacion, limpieza, decoracion, menaje, comodidad, bonito, situacion. Muy bien, nos gusto mucho. Original, practico, limpio, moderno. Muy bien situado, se puede ir andando a los principales sitios que hay que ver. Te dejan como detalle al entrar, agua, patatas y un folleto con recomendaciones de sitios para ver y comer.",El ascensor...que era lentiiiiiiisimo,"['•Viaje de ocio', '•Familia con niños pequeños', '•Estudio', '•Estancia de 1 noche', '•Enviado por móvil']"
BilbaoMuseo,Eduardo,España,9.0,Escrito en 28 de agosto de 2025,Ubicación y todo nuevo,,"['•Viaje de ocio', '•Grupo', '•Apartamento de 1 dormitorio', '•Estancia de 2 noches', '•Enviado por móvil']"
BilbaoMuseo,Ana,España,9.0,Escrito en 24 de agosto de 2025,Ubicación y limpieza,,"['•Viaje de ocio', '•Grupo de amigos', '•Estudio', '•Estancia de 2 noches', '•Enviado por móvil']"
BilbaoMuseo,Celia,España,9.0,Escrito en 28 de julio de 2025,"Esta muy bien ubicado, tiene buenas vistas, los apartamentos están muy nuevos y bien decorados, es todo muy práctico y tienen todo lo necesario",Todo estuvo muy bien,"['•Viaje de ocio', '•Grupo', '•Estudio', '•Estancia de 2 noches', '•Enviado por móvil']"
BilbaoMuseo,Maria,España,8.0,Escrito en 17 de mayo de 2025,"Muy buena ubicación, muy amplio y muy limpio","En general bien dotado pero: no había servilletas ni rollo de cocina, (y poco papel higiénico!).
La ducha y el lavabo no desaguan bien","['•Viaje de ocio', '•Familia con niños pequeños', '•Estudio', '•Estancia de 1 noche', '•Enviado por móvil']"
BilbaoMuseo,Daniela,España,7.0,Escrito en 5 de mayo de 2025,"La ubicación es estupenda. Justo en frente del Guggenheim y a minutos de la zona del Río y de muchos restaurantes y cafés. Además, el apartamento es muy nuevo y con vistas al Guggenheim. El baño es amplio y muy cómodo.","Los colchones era muy incómodos y el apartamento habría sido perfecto de tamaño para dos, pero éramos dos adultos y dos niños pequeños y se nos ha hecho un poco pequeño. Tampoco nos ha parecido bien el hecho de abonar 15 euros por acceder al apartamento dos horas antes de la hora de check-in estando el apartamento disponible. Tampoco nos dieron facilidades para dejar las maletas.","['•Viaje de ocio', '•Familia con niños pequeños', '•Estudio', '•Estancia de 3 noches', '•Enviado por móvil']"
BilbaoMuseo,Alberto,España,7.0,Escrito en 29 de abril de 2025,La ubicación estaba bien,La tostadora no funciona.  El lavavajillas no funciona. Falta mucho menaje de cocina. El sofá cama bastante incómodo.,"['•Familia con niños pequeños', '•Estudio', '•Estancia de 2 noches', '•Enviado por móvil']"
BilbaoMuseo,Maria,España,7.0,Escrito en 21 de abril de 2025,La ubicación y la decoración del apartamento,"Que se oyen todos los ruidos, está muy mal aislado. Que el baño no estaba muy limpio cuando llegamos.","['•Viaje de ocio', '•Familia con niños pequeños', '•Estudio', '•Estancia de 4 noches', '•Enviado por móvil']"
BilbaoMuseo,Laura,España,8.0,Escrito en 30 de marzo de 2025,"Muy buena ubicación. Apartamentos muy limpios, bien equipados y amplios. Como punto a mejorar el sofá cama, el colchón es demasiado fino y suena mucho al moverse.",,"['•Viaje de ocio', '•Grupo', '•Estudio', '•Estancia de 2 noches', '•Enviado por móvil']"
BilbaoMuseo,Eva,España,7.0,Escrito en 27 de marzo de 2025,El sofá cama incomodisimo. Y si vas 4 persona solo dejan agua y patatas para dos...,,"['•Viaje de ocio', '•Familia con niños pequeños', '•Estudio', '•Estancia de 2 noches', '•Enviado por móvil']"
BilbaoMuseo,Daniel,España,8.0,Escrito en 23 de marzo de 2025,Los detalles y que están muy bien equipados. Agradezco como se comportaron con nosotros en relación a nuestras peticiones.,La lentitud del ascensor y los colchones.,"['•Viaje de ocio', '•Familia con niños pequeños', '•Estudio', '•Estancia de 1 noche', '•Enviado por móvil']"
BilbaoMuseo,Ana,España,8.0,Escrito en 14 de marzo de 2025,La ubicación y la limpieza,Le falta microondas y faltaba luz para poder marcar el código de entrada del portal,"['•Viaje de ocio', '•Familia con niños pequeños', '•Estudio', '•Estancia de 2 noches', '•Enviado por móvil']"
BilbaoMuseo,Maria,España,9.0,Escrito en 24 de febrero de 2025,"Todo, sobretodo su ubicación",,"['•Viaje de ocio', '•Familia con niños pequeños', '•Estudio', '•Estancia de 3 noches', '•Enviado por móvil']"
BilbaoMuseo,Marta,España,9.0,Escrito en 31 de enero de 2025,Está en frente del Guggenheim y es super céntrico. El apartamento genial.,El sofá era un poco incómodo.,"['•Viaje de ocio', '•Familia con niños pequeños', '•Estudio', '•Estancia de 2 noches', '•Enviado por móvil']"
BilbaoMuseo,Enrique,España,8.0,Escrito en 30 de enero de 2025,La ubicación,,"['•Viaje de ocio', '•Pareja', '•Estudio', '•Estancia de 5 noches', '•Enviado por móvil']"
BilbaoMuseo,James,Perú,9.0,Escrito en 13 de enero de 2025,"Muy buena ubicacion, muy cerca al puente Zubizuri y al museo guggenheim. El piso esta muy amplio, con buena cocina, habitaciones comodas. Muy bueno para familias.",,"['•Viaje de ocio', '•Familia con niños pequeños', '•Estudio', '•Estancia de 3 noches']"
BilbaoMuseo,Mario,España,7.0,Escrito en 4 de enero de 2025,Cómodo y bien situadop,Hacía frío. Y algunos utiles y elementos necesitarían recambio,"['•Viaje de ocio', '•Familia con niños pequeños', '•Estudio', '•Estancia de 4 noches', '•Enviado por móvil']"
BilbaoLaVieja,Anna,España,9.0,Escrito en 19 de noviembre de 2025,"La ubicación es perfecta, estabamoa a 10 minutos andando del centro del casco viejo de Bilbao y al igual del rio Nervion, una maravilla.
Dentro del estudio fue todo perfecto, esta bien equipado para cocinar, lavar... sin necesidad de moverse del estudio",,"['•Viaje de ocio', '•Pareja', '•Estudio', '•Estancia de 5 noches', '•Enviado por móvil']"
BilbaoLaVieja,Lorena,España,8.0,Escrito en 27 de octubre de 2025,Estaba muy limpio todo y nuevas las instalaciones. Fuimos 6 personas y la perrita y el apartamento era amplio.,"El sofá cama muy incómodo. Y se fue la luz unas cuantas veces por la tarde noche al igual que a los vecinos de al lado. 
Además no nos dejaron papel higiénico en ningún baño, por lo demás bien estaba muy limpio y cuidado todo.","['•Viaje de ocio', '•Grupo', '•Apartamento de 2 dormitorios', '•Estancia de 1 noche', '•Enviado por móvil']"
BilbaoLaVieja,Maria,España,7.0,Escrito en 5 de octubre de 2025,"Muy buena ubicación y servicios, muy limpio , todo muy completo , el sofá cama no es cómodo , las camas de las habitaciones muy bien",Sofá cama no es cómodo para dormir,"['•Viaje de ocio', '•Familia con niños pequeños', '•Apartamento de 2 dormitorios', '•Estancia de 1 noche', '•Enviado por móvil']"
BilbaoLaVieja,Cristina,España,8.0,Escrito en 25 de agosto de 2025,Es cómodo y muy limpio.,"Para llegar con maletas andando, la zona está en cuesta. Pero el apartamento tiene ascensor y es cómodo.","['•Viaje de ocio', '•Grupo de amigos', '•Apartamento de 2 dormitorios', '•Estancia de 1 noche', '•Enviado por móvil']"
BilbaoLaVieja,Alberto,España,9.0,Escrito en 13 de agosto de 2025,"Limpio,bien aprovechado el espacio y bien ubicado",Al ser un estudio se quedaba un poco pequeño para dos personas y una mascota.,"['•Viaje de ocio', '•Familia con niños pequeños', '•Estudio', '•Estancia de 2 noches', '•Enviado por móvil']"
BilbaoLaVieja,M,España,8.0,Escrito en 20 de julio de 2025,"Tiene un par de supermercados alrededor, en pocos minutos a pie tienes el Mercado de la Ribera y el casco viejo, y también al otro lado el Bilbao Arena.",El sofá cama es horrible como sofá. Como cama no lo probamos. Está en el borde de una zona un poco regular con mucha inmigración.,"['•Viaje de ocio', '•Familia con niños pequeños', '•Apartamento de 2 dormitorios', '•Estancia de 6 noches', '•Enviado por móvil']"
BilbaoLaVieja,Isabel,España,7.0,Escrito en 14 de julio de 2025,"Apartamento limpio y cerca del centro,bien equipado","El sofá cama era horrible, imposible dormir en él. La localización es buena pero no el barrio en el q se encuentra. Vimos una pelea con barra de metal, gritos, vecinos tirando basura a la calle.....hay q tener cuidado por la zona","['•Viaje de ocio', '•Familia con niños pequeños', '•Apartamento de 2 dormitorios', '•Estancia de 4 noches', '•Enviado por móvil']"
BilbaoLaVieja,Marta,España,7.0,Escrito en 29 de junio de 2025,,El sofá-cama es un poco incómodo,"['•Viaje de ocio', '•Grupo de amigos', '•Apartamento de 2 dormitorios', '•Estancia de 1 noche', '•Enviado por móvil']"
BilbaoLaVieja,Alejandro,España,9.0,Escrito en 24 de junio de 2025,Todo correcto buena ubicación,Lo complicado de aparcar si vienes con coche,"['•Familia con niños pequeños', '•Estudio', '•Estancia de 2 noches', '•Enviado por móvil']"
BilbaoLaVieja,Francisca,España,7.0,Escrito en 11 de junio de 2025,Comodidad,No tenía platos para poder comer y las instalaciones estaban sucias.,"['•Viaje de ocio', '•Pareja', '•Estudio', '•Estancia de 1 noche', '•Enviado por móvil']"
BilbaoLaVieja,Pablo,Panamá,7.0,Escrito en 9 de junio de 2025,me gusto que hayan considerado los perritos que al final no los lleve.pero habian preparado todo,"el sofa cama muy malo, siendo 4 personas solo nos dejaron 2 capsulas de cafe","['•Viaje de ocio', '•Grupo', '•Apartamento de 2 dormitorios', '•Estancia de 1 noche']"
BilbaoLaVieja,Almudena,España,8.0,Escrito en 22 de mayo de 2025,La limpieza y la ubicación,Las sartenes que tenían no eran aptas para la vitro y no pudimos cocinar,"['•Viaje de ocio', '•Grupo', '•Apartamento de 2 dormitorios', '•Estancia de 2 noches']"
BilbaoLaVieja,Mónica,España,7.0,Escrito en 18 de mayo de 2025,"Limpieza del apartamento.
Habitaciones amplias y 2 baños",Ubicación y poco sitio para aparcar,"['•Viaje de ocio', '•Familia con niños pequeños', '•Apartamento de 2 dormitorios', '•Estancia de 1 noche', '•Enviado por móvil']"
BilbaoLaVieja,Marina,España,9.0,Escrito en 1 de mayo de 2025,"La limpieza 
La localización 
Los detalles de regalo
La gestión de check in y check out",Las almohadas,"['•Viaje de ocio', '•Familia con niños pequeños', '•Apartamento de 2 dormitorios', '•Estancia de 1 noche', '•Enviado por móvil']"
BilbaoLaVieja,Marina,España,7.0,Escrito en 30 de marzo de 2025,,"El sofá cama era MUY incomodo, y las camas no tanto pero tambien","['•Viaje de ocio', '•Grupo', '•Apartamento con terraza', '•Estancia de 2 noches', '•Enviado por móvil']"
BilbaoLaVieja,José,España,8.0,Escrito en 17 de marzo de 2025,"Es un piso funcional para hacer turismo de ciudad y la entrada es autónoma.
Habitaciones cómodas pero el sofá cama no lo recomiendo",Sofá cama no lo recomiendo.,"['•Viaje de ocio', '•Grupo de amigos', '•Apartamento de 2 dormitorios', '•Estancia de 1 noche', '•Enviado por móvil']"
BilbaoLaVieja,Esmeralda,España,9.0,Escrito en 6 de marzo de 2025,"Apartamento cómodo, camas muy cómodas. Estaba todo limpio y está ubicado muy cerca del casco viejo.",,"['•Viaje de ocio', '•Familia con niños pequeños', '•Apartamento de 2 dormitorios', '•Estancia de 1 noche', '•Enviado por móvil']"
BilbaoLaVieja,Francisco,España,9.0,Escrito en 1 de marzo de 2025,Su limpieza y comodidad.,Todo nos gustó.,"['•Viaje de ocio', '•Familia con niños pequeños', '•Apartamento de 2 dormitorios', '•Estancia de 6 noches', '•Enviado por móvil']"
BilbaoLaVieja,Jose,España,9.0,Escrito en 23 de febrero de 2025,El estado y limpieza de las instalaciones,La situacion del hotel demasiado cerca de zona algo conflictiva,"['•Viaje de ocio', '•Familia con niños pequeños', '•Apartamento con terraza', '•Estancia de 1 noche', '•Enviado por móvil']"
BilbaoLaVieja,Alejandra,España,9.0,Escrito en 22 de febrero de 2025,,Que lás habitaciones no tengan seguro y que no tienen aparcamiento,"['•Familia con niños pequeños', '•Apartamento de 2 dormitorios', '•Estancia de 1 noche', '•Enviado por móvil']"
BilbaoLaVieja,María,España,7.0,Escrito en 17 de febrero de 2025,"El estudio era agradable y estaba muy limpio, para los días que fueron cumplió las necesidades básicas que te puede ofrecer un apartamento en una ciudad centro.","La cama nos pareció un poco incómoda y echamos de menos trapos de cocina. Esto no tiene nada que ver con el apartamento como tal, pero la gente de las otras habitaciones hacía mucho ruido y costaba conciliar el sueño porque los sonidos se escuchaban a la perfección, además de los portazos cuando la gente llegaba.","['•Viaje de negocios', '•Grupo', '•Estudio', '•Estancia de 4 noches']"
BilbaoLaVieja,Maria,España,9.0,Escrito en 17 de febrero de 2025,,"Me faltó contar con una escoba y recogedor por si se rompiese algún vaso o por pura limpieza al estar varios días allí pero por el resto la estacia fue excelente, tanto por la comodidad del apartamento como por la limpieza al entrar de todo","['•Viaje de ocio', '•Pareja', '•Estudio', '•Estancia de 4 noches', '•Enviado por móvil']"
BilbaoLaVieja,Francisco,España,8.0,Escrito en 4 de febrero de 2025,La limpieza y poder acceder al apartamento de forma sencilla y antes de la hora con el early chek-in,Un poco justo de espacio y no tiene parking,"['•Viaje de ocio', '•Pareja', '•Estudio', '•Estancia de 1 noche', '•Enviado por móvil']"
BilbaoLaVieja,Carmen,España,7.0,Escrito en 3 de febrero de 2025,"Estaba muy bien la verdad, sobre todo, el espacio de las habitaciones y baños estaba muy bien.",Nos encontramos varios cubiertos sucios y escondidos por el apartamento. El mobiliario de cocina (sartenes y ollas) era bastante pequeño para cocinar seis personas.,"['•Viaje de ocio', '•Grupo', '•Apartamento de 2 dormitorios', '•Estancia de 4 noches', '•Enviado por móvil']"
ValenciaAbastos,Juanjo62,España,9.0,Escrito en 4 de diciembre de 2025,"La ubicación, la cama y la limpieza",,"['•Pareja', '•Estudio', '•Estancia de 1 noche', '•Enviado por móvil']"
ValenciaAbastos,Fuentes,España,8.0,Escrito en 4 de noviembre de 2025,Todo muy bien,Para aparcar está bastante mal y los parking cercanos son muy caros,"['•Viaje de ocio', '•Persona que viaja sola', '•Estudio', '•Estancia de 1 noche', '•Enviado por móvil']"
ValenciaAbastos,Karla,México,8.0,Escrito en 20 de octubre de 2025,La decoración,,"['•Viaje de ocio', '•Grupo', '•Apartamento de 2 dormitorios con terraza', '•Estancia de 1 noche', '•Enviado por móvil']"
ValenciaAbastos,María,España,8.0,Escrito en 9 de octubre de 2025,la ubicación me encantó,,"['•Viaje de ocio', '•Familia con niños pequeños', '•Estudio', '•Estancia de 1 noche']"
ValenciaAbastos,Genoveva,España,9.0,Escrito en 25 de septiembre de 2025,"Situación buena,cerca del centro tanto andando como en autobús.El apartamento fenomenal.","No me gusta tener que hacer todo tan impersonal(entrada y salida),solo a través de una pantalla.","['•Familia con niños pequeños', '•Estudio', '•Estancia de 1 noche', '•Enviado por móvil']"
ValenciaAbastos,Nuria,España,8.0,Escrito en 24 de septiembre de 2025,"El alojamiento está muy bien en general, cómodo, con buena ubicación. 
Esta última vez que nos hemos quedado nos dieron un kit de bienvenida con cosas básicas como estropajo, balletas  y cosas de limpieza que se agradecen, ya que cogemos un apartamento.","Había algunos bichitos, pero supongo por la estación del año. 
El sofá si está algo sucio.","['•Pareja', '•Apartamento de 1 dormitorio con terraza', '•Estancia de 2 noches', '•Enviado por móvil']"
ValenciaAbastos,Victoria,España,8.0,Escrito en 19 de septiembre de 2025,Que es pet friendly,,"['•Viaje de ocio', '•Pareja', '•Estudio', '•Estancia de 1 noche', '•Enviado por móvil']"
ValenciaAbastos,Carmen,España,8.0,Escrito en 9 de septiembre de 2025,"Salón/Cocina
Colchon",,"['•Viaje de ocio', '•Grupo de amigos', '•Apartamento de 2 dormitorios con balcón', '•Estancia de 2 noches', '•Enviado por móvil']"
ValenciaAbastos,Sol,España,7.0,Escrito en 28 de agosto de 2025,La ubicación,"El aire acondicionado estaba sucio por dentro, tenia moho, al menos por la noche pasamos hasta frio teniendo todo cerrado. 
Se escuchaba mucho el ruido de una habitación a otra
En la habitación habia varias moscas pequeñas y las mesitas de noche estaban sucias. 
Pero el resto bien","['•Viaje de ocio', '•Pareja', '•Estudio', '•Estancia de 2 noches', '•Enviado por móvil']"
ValenciaAbastos,Maria,España,9.0,Escrito en 13 de agosto de 2025,Esta muy bien situado y fue una estancia muy agradable.,,"['•Viaje de ocio', '•Familia con niños pequeños', '•Apartamento de 2 dormitorios con balcón', '•Estancia de 1 noche', '•Enviado por móvil']"
ValenciaAbastos,Ignacio,Venezuela,9.0,Escrito en 31 de julio de 2025,Estaba limpio y estaba bien equipado con respecto a lencería de cuartos y baños y equipos de cocina,El sofá cama era un poco incómodo porque se hundía.,"['•Viaje de ocio', '•Familia con niños pequeños', '•Apartamento de 2 dormitorios con terraza', '•Estancia de 1 noche', '•Enviado por móvil']"
ValenciaAbastos,Iris,España,8.0,Escrito en 20 de julio de 2025,La llegada autónoma es fácil y respondieron rápido,El sofá cama para dos personas es incómodo,"['•Viaje de ocio', '•Grupo', '•Apartamento de 2 dormitorios con terraza', '•Estancia de 1 noche', '•Enviado por móvil']"
ValenciaAbastos,Gertrudis,Italia,9.0,Escrito en 20 de julio de 2025,"La atención del personal, la limpieza y el regalo de agua, café y snack de bienvenida.No llegué a utilizar la ocina, porque la estancia fue muy corta, pero estaba muy completa y limpia. El colchón perfecto también. Hay un alquiler de bicicletas cerca. (Viajo muchísimo y llevo sin dar una puntuación tan alta desde hace siglos...).","Los alrededores: el personal de las cafeterías cercanas fue muy antipático, al final fui a comprar un refresco y desayuno al supermercado cercano. No recomiendo ir con coche, yo fui en taxi.","['•Viaje de ocio', '•Persona que viaja sola', '•Estudio', '•Estancia de 1 noche', '•Enviado por móvil']"
ValenciaAbastos,Pablo,España,8.0,Escrito en 3 de julio de 2025,"El desayuno normalito en un bar cercano.No fué lo mejor del mundo..La ubicación está bastante bien. Hay una parada de autobus cerca de la puerta","la posibilidad de entrar antes de la hora,que no estaba disponible...","['•Viaje de ocio', '•Grupo', '•Apartamento de 2 dormitorios con terraza', '•Estancia de 1 noche']"
ValenciaAbastos,Alicia,España,7.0,Escrito en 27 de junio de 2025,Limpieza,"Ruidoso. El personal del apartamento recoge la ropa sucia a las 12 de la noche arrastrando  unos carros que hacen  un ruido espantoso. Nos despertaron todas las nochesEl colchon  no era muy comodo.","['•Viaje de ocio', '•Familia con niños pequeños', '•Estudio', '•Estancia de 4 noches', '•Enviado por móvil']"
ValenciaAbastos,Javier,España,9.0,Escrito en 23 de junio de 2025,"La estancia era agradable y limpia, amplia y cómoda.",El check in fue un poco complicado aunque nos ayudaron por teléfono.,"['•Viaje de ocio', '•Grupo', '•Apartamento de 2 dormitorios con balcón', '•Estancia de 3 noches', '•Enviado por móvil']"
ValenciaAbastos,Sebastian,Argentina,7.0,Escrito en 10 de junio de 2025,La ubicación,Solicite en dos oportunidades las toallas porque éramos 5 personas y solo dejaron para tres.,"['•Viaje de ocio', '•Pareja', '•Apartamento de 2 dormitorios con balcón', '•Estancia de 1 noche', '•Enviado por móvil']"
ValenciaAbastos,Maria,España,9.0,Escrito en 1 de junio de 2025,"El apartamento estaba muy bien y el sitio tambien. Limpio, cama cómoda.  Al final por una noche me parece caro pero en comparación de otros este era el que estaba mejor de todos.",No me parece bien no poder entrar hasta las 15h y q luego tengas q dejarlo a las 11h. Podias entrar antes pero eran 15€ más,"['•Pareja', '•Apartamento de 1 dormitorio con terraza', '•Estancia de 1 noche', '•Enviado por móvil']"
ValenciaAbastos,Nuria,España,9.0,Escrito en 22 de mayo de 2025,"El apartamento estaba muy limpio y bien ubicado, además te dejan un detalle y los productos de lavavajillas son individuales por alojamiento lo cual está muy bien. Además el personal es muy atento a cualquier problema que surja y responden rápido a las dudas.",Solo podría poner una pega y es que había un par de luces fundidas.,"['•Grupo de amigos', '•Apartamento de 2 dormitorios con balcón', '•Estancia de 1 noche', '•Enviado por móvil']"
ValenciaAbastos,Natividad,España,8.0,Escrito en 28 de abril de 2025,"La ubicación es muy buena, el barrio tranquilo y con comercios alrededor. El alojamiento está muy limpio y bien equipado. Las estancias son amplias y con mucha iluminación. Tuvieron el detalle de darnos un pack de bienvenida con patatas, cápsulas de café y agua.","Nos dejaron entrar a las 15.00h, sin embargo para salir fue a las 11.00h. Desde mi punto fueron exigentes en este punto, les dijimos de entrar sobre las 13.30 y nos dijeron que teníamos que pagar 15 euros más, lo que me pareció excesivo, teniendo en cuenta el precio que tenía el alojamiento. Las camas no eran muy cómodas. El kit de limpieza me pareció escaso, podrían incluir más pastillas del lavavajillas.","['•Viaje de ocio', '•Grupo', '•Apartamento de 2 dormitorios con terraza', '•Estancia de 2 noches', '•Enviado por móvil']"
ValenciaAbastos,Lucia,España,9.0,Escrito en 8 de abril de 2025,Sitio muy cerca del centro con todas las comodidades y todo el menaje necesario para una muy buena estancia,,"['•Viaje de ocio', '•Pareja', '•Estudio', '•Estancia de 2 noches', '•Enviado por móvil']"
ValenciaAbastos,Alicia,España,8.0,Escrito en 2 de abril de 2025,"Las habitaciones, todo nuevo","El sofá cama, éramos dos parejas y nos tocó dormir en un sofá cama muy incómodo","['•Viaje de ocio', '•Grupo', '•Apartamento de 2 dormitorios con balcón', '•Estancia de 1 noche', '•Enviado por móvil']"
ValenciaAbastos,Andrea,España,9.0,Escrito en 6 de marzo de 2025,"Cerca del centro de la ciudad, puedes caminar 15 min y estar en la plaza del Ayuntamiento.",,"['•Viaje de ocio', '•Pareja', '•Estudio', '•Estancia de 1 noche', '•Enviado por móvil']"
ValenciaAbastos,Aaron,España,7.0,Escrito en 1 de marzo de 2025,La zona,El colchón,"['•Viaje de ocio', '•Pareja', '•Estudio', '•Estancia de 1 noche', '•Enviado por móvil']"
PamplonaYamaguchi,Benja,España,10.0,Escrito en 9 de diciembre de 2025,Ubicacion muy tranquila y la calidad del apartamento,,"['•Viaje de ocio', '•Pareja', '•Estudio', '•Estancia de 5 noches', '•Enviado por móvil']"
PamplonaYamaguchi,Carmen,España,9.0,Escrito en 7 de diciembre de 2025,"La estética del apartamento, limpio",El sofá cama era incomodo ⁰,"['•Grupo de amigos', '•Apartamento de 2 dormitorios', '•Estancia de 1 noche', '•Enviado por móvil']"
PamplonaYamaguchi,Edurne,España,10.0,Escrito en 6 de diciembre de 2025,,"Una pequeña pega, el colchón, por lo demás todo de 10.","['•Viaje de ocio', '•Familia con niños pequeños', '•Apartamento de 1 dormitorio', '•Estancia de 1 noche', '•Enviado por móvil']"
PamplonaYamaguchi,Caxarel,España,8.0,Escrito en 3 de diciembre de 2025,estudio comodo con habitacion y cama comfort bien equipado,hacer todo el check in y check out yo mismo a una perdona mayor es imposible tambien 100%vertual si no lees bien como la hora de salida vence el codigo y te quedas fuera,"['•Pareja', '•Apartamento de 1 dormitorio', '•Estancia de 1 noche', '•Enviado por móvil']"
PamplonaYamaguchi,Yanet,España,9.0,Escrito en 27 de noviembre de 2025,La limpieza y la pulcritud,"Check in complicado
Falta más utensilios en la cocina","['•Viaje de ocio', '•Pareja', '•Estudio', '•Estancia de 1 noche', '•Enviado por móvil']"
PamplonaYamaguchi,Hernan,Panamá,10.0,Escrito en 23 de noviembre de 2025,Ubicación y comodidad,Nada,"['•Viaje de ocio', '•Persona que viaja sola', '•Estudio', '•Estancia de 8 noches', '•Enviado por móvil']"
PamplonaYamaguchi,Callupe,Perú,10.0,Escrito en 23 de noviembre de 2025,Equipamiento.,Faltaron algunos implementos de cocina como tazones para preparar ensaladas.,"['•Viaje de ocio', '•Pareja', '•Apartamento de 1 dormitorio', '•Estancia de 3 noches', '•Enviado por móvil']"
PamplonaYamaguchi,Adelina,España,10.0,Escrito en 12 de noviembre de 2025,"Un poco lejos del centro, apartamentl muy bien equipado y nuevo.",El sofa cama a mejorar muy incomodo para niño de 13 años.,"['•Viaje de ocio', '•Grupo de amigos', '•Apartamento de 1 dormitorio', '•Estancia de 4 noches', '•Enviado por móvil']"
PamplonaYamaguchi,Ivette,Estados Unidos,9.0,Escrito en 12 de noviembre de 2025,"Esta super bien ubicada, muy confortable y muy bonitas instalaciones","Que no dejaron suficiente papel del baño, 2 rollos a medias para una estancia de 5 dias, no tienen plancha y como concepto de apartamento o apartahotel podrían dejar lo mínimo para cocinar, sal, pimienta y aceite.","['•Viaje de ocio', '•Persona que viaja sola', '•Estudio', '•Estancia de 5 noches', '•Enviado por móvil']"
PamplonaYamaguchi,Mireia,España,8.0,Escrito en 8 de noviembre de 2025,Todo,Que sea todo con tecnología,"['•Viaje de ocio', '•Pareja', '•Estudio', '•Estancia de 1 noche', '•Enviado por móvil']"
PamplonaYamaguchi,L,España,9.0,Escrito en 5 de noviembre de 2025,Todo muy limpio,,"['•Viaje de ocio', '•Pareja', '•Estudio', '•Estancia de 7 noches', '•Enviado por móvil']"
PamplonaYamaguchi,Luis,España,9.0,Escrito en 3 de noviembre de 2025,"El alojamiento en sí y la ubicación, fenomenales","Las plazas de parking son estrechas, si tu coche es grandes, sufres; pero es verdad que es un problema muy común hoy en día vayas donde vayas al fabricarse hoy en día coches más grandes que antes","['•Viaje de ocio', '•Pareja', '•Apartamento de 1 dormitorio', '•Estancia de 2 noches', '•Enviado por móvil']"
PamplonaYamaguchi,Gimena,Argentina,10.0,Escrito en 26 de octubre de 2025,"Todo es muy lindo, desde la entrada, no hay recepción. El departamento es muy amplio y comodo, te viene un kit de bienvenida, el lavarropas tiene secadora incluida. Todo muy cómodo y funcionando perfectamente.",,"['•Viaje de ocio', '•Grupo de amigos', '•Apartamento de 1 dormitorio', '•Estancia de 1 noche', '•Enviado por móvil']"
PamplonaYamaguchi,Maria,España,10.0,Escrito en 22 de octubre de 2025,"Perfecto, solo nos alojamos una noche porque fuimos a la clínica universitaria. El apartamento se encuentra a 10 minutos andando.",,"['•Pareja', '•Estudio', '•Estancia de 1 noche', '•Enviado por móvil']"
PamplonaYamaguchi,Ana,España,9.0,Escrito en 19 de octubre de 2025,Comodidad y limpio,Faltaban detergente y trapos de cocina,"['•Grupo de amigos', '•Apartamento de 2 dormitorios', '•Estancia de 1 noche', '•Enviado por móvil']"
PamplonaYamaguchi,Ricardo,España,8.0,Escrito en 12 de octubre de 2025,"Situación , limpieza , amabilidad del personal",Solamente que Se oía ruido por la noche de la calle : coches y gente hablando . Te despertaba . No buena insonorización,"['•Viaje de ocio', '•Familia con niños pequeños', '•Apartamento de 2 dormitorios', '•Estancia de 1 noche', '•Enviado por móvil']"
PamplonaYamaguchi,Sofía,Países Bajos,10.0,Escrito en 5 de octubre de 2025,"Súper recomendable! Nos encantó, muy cómodo y bien ubicado",,"['•Viaje de ocio', '•Pareja', '•Estudio', '•Estancia de 2 noches', '•Enviado por móvil']"
PamplonaYamaguchi,Jannett,España,10.0,Escrito en 2 de octubre de 2025,"Todo perfecto y  la habitación es maravillosa para ir a pasar unos días, además desde recepción necesite su ayuda en una ocasión y fue todo perfecto, repetiría sin duda",Todo perfecto,"['•Viaje de ocio', '•Pareja', '•Estudio', '•Estancia de 3 noches', '•Enviado por móvil']"
PamplonaYamaguchi,Alejandro,España,8.0,Escrito en 28 de septiembre de 2025,La distribución del apartamento,Parking caro y las zonas cercanas para aparcar son de pago,"['•Viaje de ocio', '•Pareja', '•Apartamento de 1 dormitorio', '•Estancia de 1 noche']"
PamplonaYamaguchi,Antonio,España,10.0,Escrito en 24 de septiembre de 2025,"La ubicación está genial, las instalaciones y la limpieza, en fin todo fue muy bueno",,"['•Viaje de ocio', '•Pareja', '•Estudio', '•Estancia de 1 noche', '•Enviado por móvil']"
PamplonaYamaguchi,Maider,Reino Unido,9.0,Escrito en 21 de septiembre de 2025,"Estaba todo muy limpio y muy nuevo, el pack de bienvenida y el kit de limpieza se agradece","No le pongo el diez porque se les olvidó poner almohadas para el sofa cama, pero nos apañamos como pudimos","['•Viaje de ocio', '•Grupo', '•Apartamento con terraza', '•Estancia de 1 noche', '•Enviado por móvil']"
PamplonaYamaguchi,Irene,España,8.0,Escrito en 21 de septiembre de 2025,"La limpieza, la disposición y la calidad precio.","El sofá cama era un poco incómodo.
Éramos cuatro y había dos cápsulas de café.
La web no especificaban que funcionaba con cápsulas.","['•Viaje de ocio', '•Grupo', '•Apartamento de 1 dormitorio', '•Estancia de 1 noche', '•Enviado por móvil']"
PamplonaYamaguchi,Emilio,España,9.0,Escrito en 20 de septiembre de 2025,Limpieza y pequeños detalles,Comodidad del sofá cama,"['•Viaje de ocio', '•Grupo', '•Apartamento de 1 dormitorio', '•Estancia de 1 noche', '•Enviado por móvil']"
PamplonaYamaguchi,Karla,España,9.0,Escrito en 18 de septiembre de 2025,"Intenté cambiar las fechas a través de booking y me decían que hiciera la petición directamente al alojamiento y del alojamiento me decían que tenía que ser desde booking, así que bastante decepcionada con esto.
Me gustó si ubicación y lo bien equipado que estaba además acceder es muy fácil.",,"['•Viaje de ocio', '•Pareja', '•Estudio', '•Estancia de 1 noche', '•Enviado por móvil']"
ValenciaJardinBotanico,Alejandro,España,8.0,Escrito en 9 de diciembre de 2025,"El personal muy amable, se bloqueó la puerta por un descuido y llamamos por teléfono y lo solucionaron al momento.","La tapa del baño no se mantenía arriba, necesitaba un ajuste. Pero todo estaba perfecto.","['•Viaje de ocio', '•Pareja', '•Estudio Familiar', '•Estancia de 1 noche', '•Enviado por móvil']"
ValenciaJardinBotanico,Jose,España,10.0,Escrito en 5 de diciembre de 2025,La ubicación.,,"['•Familia con niños pequeños', '•Apartamento de 2 dormitorios', '•Estancia de 3 noches', '•Enviado por móvil']"
ValenciaJardinBotanico,Ana,España,8.0,Escrito en 3 de diciembre de 2025,La amplitud y la buena comunicación con los sitios a los que teníamos que ir.,,"['•Viaje de ocio', '•Grupo de amigos', '•Apartamento de 2 dormitorios', '•Estancia de 2 noches', '•Enviado por móvil']"
ValenciaJardinBotanico,Jairo,España,8.0,Escrito en 28 de noviembre de 2025,Era bastante amplio,El no tener una recepción personal,"['•Viaje de ocio', '•Familia con niños pequeños', '•Apartamento de 2 dormitorios', '•Estancia de 1 noche', '•Enviado por móvil']"
ValenciaJardinBotanico,Silvia,España,8.0,Escrito en 12 de noviembre de 2025,La ubicación y la facilidad para acceder,Ruidoso por ser planta baja con ventana a la calle,"['•Viaje de ocio', '•Familia con niños pequeños', '•Estudio Familiar', '•Estancia de 2 noches', '•Enviado por móvil']"
ValenciaJardinBotanico,Isabel,España,10.0,Escrito en 29 de octubre de 2025,"Genial el piso, super espacioso. Tienes varias tiendas al lado, paradas de autobuses y la catedral a unos 15 minutos andando.",,"['•Viaje de ocio', '•Familia con niños pequeños', '•Apartamento de 2 dormitorios', '•Estancia de 2 noches', '•Enviado por móvil']"
ValenciaJardinBotanico,Sylvia,Chile,9.0,Escrito en 29 de septiembre de 2025,"La limpieza 
Es muy confortable",Un poco lejos del centro,"['•Viaje de ocio', '•Familia con niños pequeños', '•Apartamento de 2 dormitorios', '•Estancia de 2 noches', '•Enviado por móvil']"
ValenciaJardinBotanico,Claudia,España,10.0,Escrito en 28 de septiembre de 2025,Regalo de. Bienvenida y detalles para la mascota plato bocaditos cama,,"['•Viaje de ocio', '•Familia con niños pequeños', '•Estudio con terraza', '•Estancia de 2 noches', '•Enviado por móvil']"
ValenciaJardinBotanico,Jesús,España,7.0,Escrito en 22 de septiembre de 2025,,"En un apartamento para 6 personas hay, en el salón, una mesa con 4 sillas y un sofá de 2 plazas (o 3 muy apretados). El inmueble, escalera, está deteriorado.Mucho jaleo nocturno en los apartamentos contiguos.","['•Viaje de ocio', '•Grupo', '•Apartamento de 3 dormitorios con terraza', '•Estancia de 2 noches']"
ValenciaJardinBotanico,Miguel,España,8.0,Escrito en 12 de septiembre de 2025,Cómodo y super limpio todo! Céntrico !!Muy recomendable!,,"['•Viaje de ocio', '•Grupo de amigos', '•Estudio Familiar', '•Estancia de 1 noche', '•Enviado por móvil']"
ValenciaJardinBotanico,Aida,España,8.0,Escrito en 7 de septiembre de 2025,La ubicación,"Que había hormigas el segundo día en la terraza y después entraron en el apartamento,tuve que comprar spray para que se acabasen","['•Viaje de ocio', '•Persona que viaja sola', '•Estudio con terraza', '•Estancia de 6 noches', '•Enviado por móvil']"
ValenciaJardinBotanico,Manuel,España,9.0,Escrito en 29 de agosto de 2025,"Si me gusta y cómodo, lo recomiendo 100%",,"['•Viaje de ocio', '•Pareja', '•Estudio Familiar', '•Estancia de 2 noches', '•Enviado por móvil']"
ValenciaJardinBotanico,Elena,España,7.0,Escrito en 6 de agosto de 2025,Las instalaciones y la limpieza,Me pareció abusivo pagar 20 euros por mi mascota. Dicen que te dan una cama y los comederos y unas chuches y no le habían dejado nada. Se lo pedimos y solo nos dieron un comedero y la cama.cuebtas con lo que pone en la página y al final no cumplen con ello. Si no lo tienen disponible al menos que te lo digan para llevarlo tú de tu casa,"['•Viaje de ocio', '•Familia con niños pequeños', '•Apartamento de 2 dormitorios', '•Estancia de 1 noche', '•Enviado por móvil']"
ValenciaJardinBotanico,Leonardo,España,10.0,Escrito en 5 de agosto de 2025,"Todo excelente, volvería sin pensarlo.",Muy bien todo.,"['•Viaje de ocio', '•Familia con niños pequeños', '•Apartamento de 2 dormitorios', '•Estancia de 1 noche', '•Enviado por móvil']"
ValenciaJardinBotanico,Nadia,Uruguay,9.0,Escrito en 1 de agosto de 2025,"Estaba muy limpio. Nos resultó cómodo en cuanto a su ubicación (con un super enfrente) y el apartamento está muy lindo. Los baños están muy bien, las sábanas y toallas impecables.","El sillón cama es más bien para niños, muy fino el colchón.","['•Viaje de ocio', '•Familia con niños pequeños', '•Apartamento de 2 dormitorios', '•Estancia de 3 noches', '•Enviado por móvil']"
ValenciaJardinBotanico,Samuel,España,10.0,Escrito en 29 de junio de 2025,"Ubicación perfecta. A un paso del centro y con todos los servicios al lado. 
Todo muy limpio y muy práctico. El apartamento tiene todo lo necesario para estar como en casa.
Fantástica la atención de Libere. Nos facilitaron un aparcamiento y el early check-in a un precio razonable y de manera muy sencilla.",Una pena que no haya parking más cercano,"['•Viaje de ocio', '•Familia con niños pequeños', '•Estudio Familiar', '•Estancia de 1 noche', '•Enviado por móvil']"
ValenciaJardinBotanico,Veroll,España,10.0,Escrito en 10 de junio de 2025,"Excelente apartamento moderno recién remodelado muy buena ubicación puedes ir caminado al. Centro de valencia
Nos esperaron con cápsulas de café y zumos  
Todo perfecto",El baño habitación principal  al no tener mampara se sale el agua,"['•Viaje de ocio', '•Familia con niños pequeños', '•Apartamento de 2 dormitorios', '•Estancia de 2 noches', '•Enviado por móvil']"
ValenciaJardinBotanico,Oscar,Ecuador,7.0,Escrito en 30 de mayo de 2025,Bien ubicado y cómodo para estancia corta,,"['•Viaje de ocio', '•Grupo', '•Apartamento de 2 dormitorios', '•Estancia de 1 noche', '•Enviado por móvil']"
ValenciaJardinBotanico,Fatima,Portugal,10.0,Escrito en 11 de mayo de 2025,comodo,,"['•Viaje de negocios', '•Persona que viaja sola', '•Estudio con terraza', '•Estancia de 1 noche', '•Enviado por móvil']"
ValenciaJardinBotanico,Mari,España,9.0,Escrito en 16 de abril de 2025,"Todo estaba muy bien, pequeño pero con todo lo necesario. Moderno, bonito,muy limpio, olía muy bien. Una zona tranquila, a unos 10-12 minutos del centro caminando.","Era una planta baja y se escuchan los ruidos de la calle. Y un aparato que había encima de la puerta de entrada, (como un router) cada x tiempo destellaba una luz verde, que a mí para dormir me molestaba.","['•Viaje de ocio', '•Familia con niños pequeños', '•Estudio Familiar', '•Estancia de 1 noche', '•Enviado por móvil']"
ValenciaJardinBotanico,Lourdes,España,7.0,Escrito en 6 de abril de 2025,"Muy bien situado , limpio, acogedor, en general todo fue genial a no ser por el inconveniente de los vecinos de arriba","Los vecino muy ruidosos y escandalosos , estuvimos en el 201 , y justo los de arriba empezaron a chillar y berrear a altas horas d ela madrugada, incluso movieron muebles , parecía que rompían cosas . Muy escandalosos. Descansamos poco","['•Viaje de ocio', '•Grupo', '•Apartamento de 2 dormitorios', '•Estancia de 1 noche', '•Enviado por móvil']"
ValenciaJardinBotanico,Esperanza,España,7.0,Escrito en 3 de abril de 2025,"El apartamento estaba muy bien, pero el colchón no era nada cómodo. Por todo lo demás bien.",,"['•Familia con niños pequeños', '•Estudio Familiar', '•Estancia de 1 noche', '•Enviado por móvil']"
ValenciaJardinBotanico,Andres,España,10.0,Escrito en 30 de marzo de 2025,Pequeño y práctico,,"['•Viaje de negocios', '•Persona que viaja sola', '•Estudio con terraza', '•Estancia de 1 noche', '•Enviado por móvil']"
ValenciaJardinBotanico,Emilio,Italia,10.0,Escrito en 13 de marzo de 2025,"Nuestra estancia fue fantástica. La casa es muy grande, con espacios amplios y cómodos. La cocina está completamente equipada con todos los utensilios necesarios, y al llegar nos recibieron con un pack lleno de artículos esenciales. Los baños cuentan con champú y cremas de excelente calidad. Además, todo el edificio tiene un aroma increíble, y los ascensores funcionan de manera impecable. Sin duda, una experiencia altamente recomendable.",,"['•Viaje de ocio', '•Grupo', '•Apartamento de 2 dormitorios', '•Estancia de 2 noches']"
MadridPalacioReal,Naiara,España,9.0,Escrito en 9 de diciembre de 2025,"La ubicacion lo mejor y el acceso a lugares para visitar pudiendo hacerlo a pie o en metro,cerca hay muchas estaciones","Lo unico que destacaria fue que al ser un espacio tan diafano,sin separaciòn ninguna si alguno se despierta por la noche y enciende una luz iluminas toda la estancia,nosotros viajamos con nuestras hijas que dormian abajo,pero daba igual la luz del baño de arriba o las mesillas daban luz a todo el apartamento y para nosotros ha resultado un poco molesto junto con el ruido de la calle por la noche,que aun estando en 2 planta se oia mucho,aun asi estuvimos bien,el apartamento muy limpio y espacioso,todo hay que decirlo h la chica que atendia el buffet del desayuno un 10","['•Viaje de ocio', '•Familia con niños pequeños', '•Estudio Deluxe', '•Estancia de 3 noches', '•Enviado por móvil']"
MadridPalacioReal,Marcos,España,8.0,Escrito en 8 de diciembre de 2025,La ubicación,Precio elevado,"['•Viaje de ocio', '•Familia con niños pequeños', '•Estudio Deluxe', '•Estancia de 3 noches', '•Enviado por móvil']"
MadridPalacioReal,Marcos,España,9.0,Escrito en 24 de noviembre de 2025,Ubicación,,"['•Viaje de ocio', '•Familia con niños pequeños', '•Estudio Deluxe', '•Estancia de 2 noches', '•Enviado por móvil']"
MadridPalacioReal,Ml,España,9.0,Escrito en 31 de octubre de 2025,"La ubicación es excelente. El desayuno es muy completo. Destaco el trato del personal especialmente de quien estuvo a cargo de los desayunos. Su trato ha sido impecable, muy cordial y siempre atenta.","Lamentablemente me ha tocado trabajar los 3 días y solo diría que al ser un dúplex y tener los techos altos en el salón, me ha parecido que faltaba un poco de luz para poder trabajar.","['•Viaje de ocio', '•Familia con niños pequeños', '•Estudio Deluxe', '•Estancia de 3 noches', '•Enviado por móvil']"
MadridPalacioReal,Javier,Venezuela,8.0,Escrito en 23 de octubre de 2025,Excelente y céntrico,El ruido del portón principal,"['•Viaje de ocio', '•Familia con niños pequeños', '•Estudio Deluxe', '•Estancia de 1 noche', '•Enviado por móvil']"
MadridPalacioReal,Hugo,Chile,9.0,Escrito en 22 de octubre de 2025,"Alojamiento limpio y amplio, con cafetera (se agradece).","Todo bien. Solo diría que no pude usar la app para abrir la puerta del departamento con el teléfono (solo me funcionó para la puerta principal del edificio a la calle), pero el resto todo muy bien.","['•Viaje de ocio', '•Persona que viaja sola', '•Estudio', '•Estancia de 2 noches', '•Enviado por móvil']"
MadridPalacioReal,Samuel,España,9.0,Escrito en 6 de octubre de 2025,La localización y amplitud del apartamento,"Los aires acondicionados se encendían automáticamente por las tardes,a 16 grados frío,y cd llegábamos por las noches el apartamento estaba helado.
Está muy cerca de discotecas con lo que es una zona muy ruidosa,el propio apartamento como conoce ese problema te regala unos tapones para el ruido.","['•Viaje de ocio', '•Familia con niños pequeños', '•Estudio Deluxe', '•Estancia de 3 noches', '•Enviado por móvil']"
MadridPalacioReal,Javier,España,9.0,Escrito en 21 de septiembre de 2025,Localización.,Sofá cama un poco incómodo,"['•Familia con niños pequeños', '•Estudio Dúplex', '•Estancia de 1 noche', '•Enviado por móvil']"
MadridPalacioReal,Javier,Venezuela,8.0,Escrito en 17 de septiembre de 2025,La ubicación en el centro de madrid,La puerta principal muy ruidosa para las habitaciones cercanas,"['•Viaje de ocio', '•Familia con niños pequeños', '•Estudio Deluxe', '•Estancia de 11 noches', '•Enviado por móvil']"
MadridPalacioReal,Ablgm,España,7.0,Escrito en 8 de septiembre de 2025,"Ubicación
Limpieza
Amplitud 
Atención personal desayuno","Al ser un edificio de apartamentos no hay persona (excepto en desayunos),  con lo que si tienes una necesidad, la atención es por WhatsApp y en nuestro caso no se llegó a atender.
Escalera del ""dúplex"" no aptas para personas mayores. No fue nuestro caso, pero algo peligrosas.","['•Viaje de ocio', '•Familia con niños pequeños', '•Estudio Deluxe', '•Estancia de 2 noches', '•Enviado por móvil']"
MadridPalacioReal,Jerónimo,Argentina,8.0,Escrito en 30 de agosto de 2025,"Muy bien ubicado, cómodo y limpio.","Le falta más ventilación, luz y la televisión no tenía Netflix.","['•Viaje de ocio', '•Pareja', '•Estudio', '•Estancia de 2 noches', '•Enviado por móvil']"
MadridPalacioReal,Magabmdq,Argentina,8.0,Escrito en 22 de agosto de 2025,Muy buena ubicación a un paso de Gran Via. Lugares para comer variado en la zona. Lo mismo todo cerca si vas de compras. Y también mercados si querés ahorrar y no comer siempre afuera.,El duplex que nos tocó era lindo y luminoso decorado con gusto pero un poco chico para 4 personas.  Además el sillón cama no es muy cómodo.,"['•Viaje de ocio', '•Familia con niños pequeños', '•Estudio Deluxe', '•Estancia de 3 noches', '•Enviado por móvil']"
MadridPalacioReal,Isabel,España,9.0,Escrito en 20 de agosto de 2025,Ubicación perfecta,"La cocina muy pequeñita, la usamos poco pero no había sitio de encimera, aun así recomiendo el alojamiento sin duda alguna","['•Viaje de ocio', '•Familia con niños pequeños', '•Estudio Deluxe', '•Estancia de 4 noches', '•Enviado por móvil']"
MadridPalacioReal,Vanessa,España,9.0,Escrito en 19 de julio de 2025,Apartamento bonito y muy buena ubicación,Algo elevado el precio para la fecha,"['•Viaje de ocio', '•Familia con niños pequeños', '•Estudio Dúplex', '•Estancia de 1 noche', '•Enviado por móvil']"
MadridPalacioReal,Mercedes,España,8.0,Escrito en 10 de julio de 2025,La habitación,"Poco personal, solo en desayuno. La chica muy maja","['•Viaje de ocio', '•Familia con niños pequeños', '•Estudio Deluxe', '•Estancia de 4 noches', '•Enviado por móvil']"
MadridPalacioReal,Liliana,Argentina,9.0,Escrito en 7 de julio de 2025,"Las instalaciones impecables, la ubicación excelente. Nos robaron los pasaportes en el metro y la gente del alojamiento fue muy amable y solidaria.
Lo recomiendo",Nada,"['•Viaje de ocio', '•Pareja', '•Estudio', '•Estancia de 2 noches', '•Enviado por móvil']"
MadridPalacioReal,Daniel,Argentina,8.0,Escrito en 30 de junio de 2025,"Tanto la Ubicación muy cerca de todo.,El desayuno completo muy bueno. La habitación amplia y completa",,"['•Viaje de ocio', '•Pareja', '•Estudio', '•Estancia de 3 noches']"
MadridPalacioReal,Juan,España,7.0,Escrito en 25 de junio de 2025,La ubicación,La hora de entrada es un poco tarde,"['•Viaje de ocio', '•Familia con niños pequeños', '•Estudio', '•Estancia de 1 noche']"
MadridPalacioReal,Eduardo,Argentina,9.0,Escrito en 6 de junio de 2025,La ubicación.  Las comodidades.,Que carecieran de un conversor de divisas. Tuve que recurrir a una persona amiga para pagar 15 euros  por un late check out. No existía para la persona que me atendió por teléfono absolutamente ninguna otra manera de abonar ese importe. Mis tarjetas argentinas están monetizadas al dolar. Libere rechazaba el pago. De alli que recurri a  un amigo para abonar ese gasto menor vía tarjeta. El  resto del personal excelente.,"['•Viaje de ocio', '•Pareja', '•Estudio', '•Estancia de 14 noches', '•Enviado por móvil']"
MadridPalacioReal,Danielsen,España,9.0,Escrito en 5 de junio de 2025,La habitación era espaciosa con buenos armarios. Muy buena ubicación.,,"['•Viaje de ocio', '•Familia con niños pequeños', '•Estudio Deluxe', '•Estancia de 2 noches', '•Enviado por móvil']"
MadridPalacioReal,Soledad,Argentina,8.0,Escrito en 4 de junio de 2025,"Excelente ubicación nos constó encontrarlo pero muy céntrico a 200 mts de la estación de metro callao , gran via , llegamo a pie a todos lados","Mucho ruido afuera , no pudimos descansar bien y eso que me quedé un lunes , pero si están muy cansados casi no es problema , pero si si mucho ruido afuera","['•Viaje de ocio', '•Familia con niños pequeños', '•Estudio Deluxe', '•Estancia de 1 noche', '•Enviado por móvil']"
MadridPalacioReal,Ander,España,8.0,Escrito en 22 de abril de 2025,Ubicación excepcional. Colchón cómodo. Apartamento amplio.,Relación calidad-precio muy caro. No tiene lavavajillas. En nuestro apartamento la TV no se podía ver desde la cama. Solo había una butaca para ver la TV. El plato de ducha pequeño. El lavabo pequeño. Las ventanas no cerraban bien.,"['•Viaje de ocio', '•Familia con niños pequeños', '•Estudio', '•Estancia de 7 noches']"
MadridPalacioReal,Oscar,España,7.0,Escrito en 10 de abril de 2025,"Instalaciones muy buenas
La protección de datos deja mucho que desear 
Piden autorizaciónes del smartphone que no son nada recomendables",,"['•Viaje de negocios', '•Persona que viaja sola', '•Estudio', '•Estancia de 1 noche', '•Enviado por móvil']"
MadridPalacioReal,Henry,España,7.0,Escrito en 13 de marzo de 2025,"La ubicación y el apartamento muy cómodo y útil!!!  Mas céntrico ""casi"" imposible. Cerca de todo, para ir caminando y disfrutar a pié de calle. 🤓👍","Quizás con un sofá, hubiera sido perfecto para nosotros. .","['•Viaje de ocio', '•Pareja', '•Estudio', '•Estancia de 7 noches', '•Enviado por móvil']"
MalagaTeatroRomano,Ana,España,9.0,Escrito en 23 de noviembre de 2025,"La ubicación excelente..el apartamento todo genial, muy limpio y camas comodas incluido el sofá cama(hemos dormido dos adultos sin problema). La atención por  telefóno tambien excelente y muy agradable y atentos.",El no tener taquillas,"['•Viaje de ocio', '•Grupo de amigos', '•Apartamento de 1 dormitorio', '•Estancia de 1 noche', '•Enviado por móvil']"
MalagaTeatroRomano,Idoia,España,9.0,Escrito en 31 de agosto de 2025,"La ubicación excelente pero a pesar de estar en pleno centro es tranquilo y genial para descansar . Las vistas desde la cama espectaculares . Mucha luz , amplio y bonita decoración.",Me gustó mucho pero por sacar una pega me hubiese gustado tener una cafetera Nespresso,"['•Viaje de ocio', '•Familia con niños pequeños', '•Estudio Dúplex', '•Estancia de 2 noches', '•Enviado por móvil']"
MalagaTeatroRomano,Evaristo,España,7.0,Escrito en 31 de mayo de 2025,Situación. Limpieza.,"Toda la burocracia informática. Insufrible la entrada. Y me han cargado dos veces el costo. 2X 148,72. Espero que me devuelvan una, aunque no confío nada en su diligencia en devolver. Si en cobrar.","['•Viaje de ocio', '•Pareja', '•Apartamento de 1 dormitorio', '•Estancia de 1 noche', '•Enviado por móvil']"
MalagaTeatroRomano,Susana,España,8.0,Escrito en 4 de mayo de 2025,La ubicación era genial!,El sofá era muy incómodo,"['•Viaje de negocios', '•Familia con niños pequeños', '•Apartamento de 1 dormitorio', '•Estancia de 1 noche', '•Enviado por móvil']"
MalagaTeatroRomano,Miguel,España,7.0,Escrito en 2 de mayo de 2025,"Muy bien ubicado, a pesar de estar en pleno centro no se oía ruido de la calle, era muy espacioso y cuidado el diseño","En la zona del dormitorio había un ruido continuo de maquinaria, algo molesto para dormir.","['•Viaje de ocio', '•Grupo', '•Estudio Dúplex', '•Estancia de 1 noche', '•Enviado por móvil']"
MalagaTeatroRomano,Javier,España,9.0,Escrito en 16 de marzo de 2025,"muy buena ubicación todo perfecto, volveré pronto",,"['•Viaje de ocio', '•Familia con niños pequeños', '•Apartamento de 1 dormitorio', '•Estancia de 1 noche', '•Enviado por móvil']"
MalagaTeatroRomano,Aleksey,España,7.0,Escrito en 26 de diciembre de 2024,Las vistas desde el apartamento,"La puerta del baño no se cierra del todo, si viajas con amigos es un poco incomodo ya que se te ve por una raja y no puedes sentrate tranquilo sin saber que nadie te mirará o que no se escuche un pedo :D","['•Viaje de ocio', '•Grupo', '•Apartamento de 1 dormitorio', '•Estancia de 1 noche']"
MalagaTeatroRomano,Vicente,España,7.0,Escrito en 22 de diciembre de 2024,"Ubicación, limpieza, salón con sofá. Inmejorable",único pero cama ruidosa y gastada,"['•Viaje de ocio', '•Pareja', '•Apartamento de 1 dormitorio', '•Estancia de 1 noche']"
MalagaTeatroRomano,María,España,9.0,Escrito en 26 de noviembre de 2024,ubicación comodidad,horario de entrada tarde te parte el día y la comida,"['•Viaje de ocio', '•Pareja', '•Estudio', '•Estancia de 1 noche', '•Enviado por móvil']"
MalagaTeatroRomano,Cristina,España,8.0,Escrito en 27 de octubre de 2024,"la ubicación y la decoración del apartamento,cama comoda! te dejan una cajita de bienvenida con agua,unas patatas y unos tapones,un detalle.",por las mañanas hay ruido desde temprano.,"['•Viaje de ocio', '•Pareja', '•Apartamento de 1 dormitorio', '•Estancia de 1 noche', '•Enviado por móvil']"
MalagaTeatroRomano,Matías,España,9.0,Escrito en 8 de septiembre de 2024,"Muy buen lugar, limpieza y muy moderno",Los ruidos de la calle al ser tan céntrico y los ruidos de uno de los inquilino.,"['•Viaje de ocio', '•Pareja', '•Apartamento de 1 dormitorio', '•Estancia de 2 noches', '•Enviado por móvil']"
MalagaTeatroRomano,Belén,España,8.0,Escrito en 28 de julio de 2024,"Ubicación excelente y muy bonito , con regalo de bienvenida y muy atentos con los animales tenía cama y comederos",Se escuchaba todo lo de fuera,"['•Viaje de ocio', '•Pareja', '•Estudio', '•Estancia de 2 noches', '•Enviado por móvil']"
MalagaTeatroRomano,Paloma,España,7.0,Escrito en 21 de junio de 2024,La ubicación,El desayuno. Excesivamente caro para lo que es ...,"['•Viaje de negocios', '•Persona que viaja sola', '•Estudio', '•Estancia de 1 noche', '•Enviado por móvil']"
MalagaTeatroRomano,Manuel,España,9.0,Escrito en 31 de mayo de 2024,Excelente ubicación. El diseño .,,"['•Viaje de ocio', '•Pareja', '•Estudio', '•Estancia de 1 noche', '•Enviado por móvil']"
MalagaTeatroRomano,Maria,España,7.0,Escrito en 14 de abril de 2024,La Ubicación.Es muy bonito,"La iluminación escasa, pocos productos de baño, sofá incómodo.","['•Viaje de negocios', '•Pareja', '•Apartamento de 1 dormitorio', '•Estancia de 1 noche', '•Enviado por móvil']"
MalagaTeatroRomano,Fidel,España,7.0,Escrito en 19 de marzo de 2024,La ubicación,"No hay nadie para recibir a los huéspedes, ningún teléfono de contacto, necesito mi factura y no hay un lugar donde reclamarla porque no hay comunicación con los clientes","['•Viaje de negocios', '•Persona que viaja sola', '•Apartamento de 1 dormitorio', '•Estancia de 4 noches', '•Enviado por móvil']"
MalagaTeatroRomano,José,España,7.0,Escrito en 8 de febrero de 2024,Emplazamiento y amplitud espacio y tamaño de cama,Falta de mobiliario y ruido poco aislamiento acústico entre habitaciones,"['•Viaje de negocios', '•Persona que viaja sola', '•Estudio', '•Estancia de 1 noche', '•Enviado por móvil']"
MalagaTeatroRomano,Pilar,España,8.0,Escrito en 26 de enero de 2024,"Me ha gustado mucho la estancia, muy agradable, estupenda ubicación y el apartamento precioso. El servicio de atención al público dia telefónica, estupendo.",Añadiría lamparitas de lectura a cada lado de la cama y tabla de planchar y plancha ;-) Por lo demás el apartamento es estupendo.,"['•Viaje de ocio', '•Pareja', '•Estudio', '•Estancia de 1 noche']"
MalagaTeatroRomano,Hind,España,9.0,Escrito en 14 de enero de 2024,Ubicación excelente. Limpio y cómodo.,Había pedido una cama doble y me dieron dos individuales,"['•Viaje de negocios', '•Familia con niños pequeños', '•Estudio', '•Estancia de 1 noche', '•Enviado por móvil']"
MalagaTeatroRomano,Francisco,España,8.0,Escrito en 9 de enero de 2024,Muy bien buena ubicación,La ducha,"['•Viaje de ocio', '•Familia con niños pequeños', '•Apartamento de 1 dormitorio', '•Estancia de 1 noche', '•Enviado por móvil']"
MalagaTeatroRomano,Jesús,España,7.0,Escrito en 4 de enero de 2024,La ubicación,"La atención y la falta de personal físico , cuando llegamos al apartamento después de mucho tiempo intentando acceder por internet, la recepción fue de un perro ladrando justo en la puerta de al lado , si hubiese sabido que aceptaban mascotas no hubiese ido","['•Viaje de ocio', '•Familia con niños pequeños', '•Apartamento de 1 dormitorio', '•Estancia de 1 noche', '•Enviado por móvil']"
MalagaTeatroRomano,Carmen,España,8.0,Escrito en 2 de enero de 2024,La ubicación,Todo fue correcto,"['•Viaje de ocio', '•Familia con niños pequeños', '•Apartamento de 1 dormitorio', '•Estancia de 1 noche', '•Enviado por móvil']"
MalagaTeatroRomano,Norma,España,8.0,Escrito en 10 de diciembre de 2023,Ubicación inmejorable,Muy caro y la limpieza mejorable (habia comida de huespedes anteriores en la nevera). Es incomodo que el baño este en la planta de abajo y el dormitorio arriba. Fue muy caro,"['•Viaje de ocio', '•Familia con niños pequeños', '•Estudio Dúplex', '•Estancia de 2 noches', '•Enviado por móvil']"
MalagaTeatroRomano,Francisco,España,9.0,Escrito en 10 de diciembre de 2023,"La ubicación, la amplitud y la limpieza de la habitación; es tal cual aparece en las fotos o incluso mejor. También el hecho de poder acceder con libertad sin necesidad de lidiar con personal.","Solicité cama doble por ocasión especial, pero no se me facilitó. La hora de salida a las 11 de la mañana la retrasaría un poco. Medio te obligan a contratar el late check out.","['•Viaje de ocio', '•Familia con niños pequeños', '•Estudio', '•Estancia de 1 noche', '•Enviado por móvil']"
GranadaCatedral,Pac01969,España,10.0,Escrito en 9 de diciembre de 2025,"Muy bien, la cafetería nos trato muy bien y la tostada eran grandes.",No hubo nada.,"['•Viaje de ocio', '•Familia con niños pequeños', '•Apartamento con terraza', '•Estancia de 3 noches']"
GranadaCatedral,Soledad,España,9.0,Escrito en 30 de noviembre de 2025,"Me encantó la ubicación, la limpieza y que dispone de todo lo necesario para la estancia. El sitio es precioso y justo debajo está la plaza Bibrambla, llena de bares , restaurantes, tiendas... a pesar de estar tan céntrico nada de ruido en El apartamento.  Todo genial.",No me gustó mucho que cuando abres el sofá cama no queda espacio para pasar. Es la única pega que Le pongo. Lo demás de lujo.,"['•Viaje de ocio', '•Familia con niños pequeños', '•Apartamento de 1 dormitorio con balcón', '•Estancia de 1 noche', '•Enviado por móvil']"
GranadaCatedral,Alessio,España,10.0,Escrito en 15 de noviembre de 2025,Genial tanto el piso como la ubicación. Todo muy bien.,No había sartenes ni ollas para cocinar.,"['•Viaje de ocio', '•Pareja', '•Estudio con balcón', '•Estancia de 2 noches', '•Enviado por móvil']"
GranadaCatedral,Montse,España,9.0,Escrito en 25 de octubre de 2025,"La localización, la limpieza. Para dos personas es ideal.","Quizás eché de menos una persona con la que hablar físicamente, pero es verdad que al no surgir ningún contratiempo no fue necesario, quizás es solo que soy antigua.","['•Viaje de ocio', '•Familia con niños pequeños', '•Apartamento de 1 dormitorio con balcón', '•Estancia de 3 noches', '•Enviado por móvil']"
GranadaCatedral,M,España,8.0,Escrito en 23 de octubre de 2025,El detalle de bienvenida y la limpieza,"El descargar una aplicación para poder hacerlo, meter los DNI y datos varias veces","['•Viaje de ocio', '•Grupo', '•Estudio con balcón', '•Estancia de 1 noche', '•Enviado por móvil']"
GranadaCatedral,Maria,Argentina,10.0,Escrito en 22 de octubre de 2025,Excelente,Algo ruidoso,"['•Viaje de ocio', '•Pareja', '•Apartamento de 1 dormitorio con balcón', '•Estancia de 2 noches', '•Enviado por móvil']"
GranadaCatedral,Sergio,Argentina,10.0,Escrito en 13 de octubre de 2025,"Muy bien ubicado, en el corazón de las peatonales, seguro y asi mismo silencioso. Pudimos hacer caminando casi todo",,"['•Viaje de ocio', '•Pareja', '•Estudio con balcón', '•Estancia de 3 noches']"
GranadaCatedral,Labella,Argentina,8.0,Escrito en 11 de octubre de 2025,"La ubicación, ñas dimensiones e instalaciones son excelentes","Al estar en pleno centro histórico de Granada, se escucha bastante el bullicio de la gente, esto dificulta el tiempo de descanzo","['•Viaje de ocio', '•Familia con niños pequeños', '•Estudio con balcón', '•Estancia de 3 noches', '•Enviado por móvil']"
GranadaCatedral,Elena,España,10.0,Escrito en 29 de septiembre de 2025,Es un apartamento precioso y súper limpio.,,"['•Viaje de ocio', '•Pareja', '•Estudio con balcón', '•Estancia de 1 noche', '•Enviado por móvil']"
GranadaCatedral,Nelson,Argentina,10.0,Escrito en 23 de septiembre de 2025,"La verdad que muy buena la ubicación , céntrica y accesible a todo los lugares turísticos de Granada. El piso muy moderno y con todo lo q  senecesita para estar unos días en Granada.","No tengo nada de negativo , al contrario , súper positivo en todo.","['•Viaje de ocio', '•Familia con niños pequeños', '•Apartamento de 1 dormitorio con balcón', '•Estancia de 2 noches', '•Enviado por móvil']"
GranadaCatedral,Maria,España,10.0,Escrito en 20 de septiembre de 2025,"Todo me gustó. La ubicación, el apartamento, la atencion",Todo me gustó,"['•Viaje de ocio', '•Pareja', '•Estudio con balcón', '•Estancia de 1 noche', '•Enviado por móvil']"
GranadaCatedral,Adrian,España,9.0,Escrito en 14 de septiembre de 2025,"La ubicación muy céntrica para poder moverte caminando a cualquier lado del centro y de servicios como restaurantes etc.Todo muy renovado y como de nueva construcción.Cocina con lo necesario para poder cocinar.Muy buena limpieza.","Tanto el edificio como el apartamento demasiado pequeño con tal de aprovechar el espacio.No puedes dejar las maletas en ningún lugar, teniendo que buscar una consigna.","['•Viaje de ocio', '•Familia con niños pequeños', '•Apartamento de 1 dormitorio con balcón', '•Estancia de 1 noche']"
GranadaCatedral,Jessica,España,10.0,Escrito en 9 de septiembre de 2025,Me encantó la comodidad y sobretodo la terraza me encantó,Que el aire acondicionado de fuera hace ruido y no llega a enfriar del todo.,"['•Viaje de ocio', '•Pareja', '•Apartamento con terraza', '•Estancia de 2 noches', '•Enviado por móvil']"
GranadaCatedral,Annabel,España,8.0,Escrito en 2 de septiembre de 2025,"La ubicación es muy buena, la entrada y la salida muy cómodas y fáciles. Todo muy nuevo y muy limpio. Lo recomiendo para una o dos personas.","Para 4 personas es un poco justo, al abrir el sofá cama se corta el paso a la habitación y había que hacer malabarismos para pasar.","['•Con una mascota', '•Viaje de ocio', '•Familia con niños pequeños', '•Apartamento de 1 dormitorio con balcón', '•Estancia de 1 noche']"
GranadaCatedral,Virtudes,España,8.0,Escrito en 27 de agosto de 2025,"Ubicación inmejorable, en pleno centro, al lado de la Catedral y a 12 minutos caminando de El Albaicín.
También un parking público próximo.
Limpísimo, un olor super agradable, todo nuevo, detalles cuidados al máximo, como la colocación de toallas, secador del pelo con difusor.
Silencioso.
La única objeción que las habitaciones eran muy pequeñas y con el sofá cama abierto tenías que hacer malabares para pasar.
También considero como punto negativo la distribución, ya que el para acceder al baño desde el dormitorio tienes que cruzar la Sala de estar con el Sofá cama y molestas a quien está durmiendo.
Por último, el mando a distancia del aire acondicionado del dormitorio no funcionaba, teníamos que compartir el mando de la otra Sala.
Se agradece la caja de bienvenida con agua snacks y demás detalles.
Repetiría pero en un apartamento más amplio, por lo demás perfecto.","El tamaño pequeño de las habitaciones, la distribución y que no funcionase el mando a distancia del aire acondicionado.","['•Viaje de ocio', '•Familia con niños pequeños', '•Apartamento de 1 dormitorio con balcón', '•Estancia de 1 noche', '•Enviado por móvil']"
GranadaCatedral,Nicolas,España,9.0,Escrito en 23 de agosto de 2025,La ubicación,,"['•Viaje de ocio', '•Familia con niños pequeños', '•Apartamento de 1 dormitorio con balcón', '•Estancia de 1 noche', '•Enviado por móvil']"
GranadaCatedral,Inma,España,8.0,Escrito en 20 de agosto de 2025,Su ubicación y la limpieza,Había goteras,"['•Viaje de ocio', '•Familia con niños pequeños', '•Apartamento de 1 dormitorio con balcón', '•Estancia de 1 noche', '•Enviado por móvil']"
GranadaCatedral,Sheila,España,8.0,Escrito en 12 de agosto de 2025,"Admite mascotas, buena ubicación,cómodo y limpio.",Que la mascota no pueda quedar sola en la habitación.,"['•Viaje de ocio', '•Familia con niños pequeños', '•Apartamento de 1 dormitorio con balcón', '•Estancia de 1 noche', '•Enviado por móvil']"
GranadaCatedral,Alba,España,8.0,Escrito en 8 de agosto de 2025,"El alojamiento estupendo, bien situado y limpio",,"['•Viaje de ocio', '•Familia con niños pequeños', '•Apartamento de 1 dormitorio con balcón', '•Estancia de 2 noches', '•Enviado por móvil']"
GranadaCatedral,Maitecita,España,9.0,Escrito en 2 de agosto de 2025,"La ubicación, cerca de todo y cómodo para moverse a cualquier sitio. Los detalles y amenitis para nosotros y nuestra mascota","Viaje con una mascota y me pareció excesivo el precio por día, en la inmensa mayoría de los sitios donde hemos ido, se pagaba menos de la mitad.","['•Viaje de ocio', '•Pareja', '•Apartamento de 1 dormitorio con balcón', '•Estancia de 2 noches', '•Enviado por móvil']"
GranadaCatedral,Berto,España,9.0,Escrito en 1 de agosto de 2025,"Bien situado,en mismo centro",Todo bien,"['•Viaje de ocio', '•Pareja', '•Apartamento de 1 dormitorio con balcón', '•Estancia de 1 noche', '•Enviado por móvil']"
GranadaCatedral,Cristhian,España,10.0,Escrito en 31 de julio de 2025,"Está muy bien situado,cerca de tiendas,restaurantes,etc",,"['•Viaje de ocio', '•Pareja', '•Apartamento de 1 dormitorio con balcón', '•Estancia de 4 noches', '•Enviado por móvil']"
GranadaCatedral,Jhon,España,10.0,Escrito en 31 de julio de 2025,Nos a gustado todo.,La almohada un poco bajas.,"['•Viaje de ocio', '•Familia con niños pequeños', '•Apartamento de 1 dormitorio con balcón', '•Estancia de 1 noche', '•Enviado por móvil']"
GranadaCatedral,María,España,10.0,Escrito en 20 de julio de 2025,Todo,,"['•Viaje de ocio', '•Grupo', '•Apartamento de 1 dormitorio con balcón', '•Estancia de 1 noche', '•Enviado por móvil']"
MalagaLaMerced,Cornelia,España,7.0,Escrito en 27 de octubre de 2025,La ubicacion,"Necesita reforma, en general esta bien, solo usamos el apartamento para dormir. Necesita reformase un poco. Fuimos en octubre y hacia mucho ruido, no me quiero imaginar los meses de temporada alta","['•Viaje de ocio', '•Grupo', '•Apartamento de 3 dormitorios', '•Estancia de 2 noches']"
MalagaLaMerced,Carolina,Argentina,9.0,Escrito en 20 de septiembre de 2025,"El departamento para 2 es hermoso. Cómodo. La ubicación es excelente. Bien equipado (plancha, caja fuerte, microondas, pava eléctrica). Bien el aire acondicionado. Dan kit de bienvenida. Si bien no contactamos con nadie del apartamento, las instrucciones fueron muy claras.","La primera noche casi no pudimos dormir de los ruidos. La segunda estuvo muchísimo mejor. Calculo que también es cuestión de suerte, pero es real que las paredes no aíslan nada acústicamente.","['•Viaje de ocio', '•Pareja', '•Estudio', '•Estancia de 2 noches', '•Enviado por móvil']"
MalagaLaMerced,Ezequiel,Argentina,8.0,Escrito en 26 de agosto de 2025,Bueno,Muy ruidoso.,"['•Viaje de ocio', '•Pareja', '•Estudio', '•Estancia de 3 noches', '•Enviado por móvil']"
MalagaLaMerced,Pedro,España,7.0,Escrito en 22 de agosto de 2025,La ubicación del apartamento es muy buena en pleno centro de Málaga,"Es un apartamento extremadamente pequeño para 4 personas, la única puerta que existe en el apartamento es la de entrada y si está abierto el sofá cama ya no hay acceso ni a la otra cama ni a la terraza","['•Viaje de ocio', '•Grupo de amigos', '•Estudio con terraza', '•Estancia de 4 noches', '•Enviado por móvil']"
MalagaLaMerced,Iván,España,7.0,Escrito en 25 de julio de 2025,,"El alojamiento es para dos personas. Para cuatro fue muy incómodo dormir en el sofá cama, además del poco espacio","['•Viaje de ocio', '•Grupo', '•Estudio con terraza', '•Estancia de 1 noche', '•Enviado por móvil']"
MalagaLaMerced,Cuevas,España,9.0,Escrito en 14 de julio de 2025,Muy cómoda,Un poco de ruido y la televisión se enciende sola al conectarse otros huéspedes a netflix o aplicaciones similares.,"['•Viaje de negocios', '•Persona que viaja sola', '•Estudio', '•Estancia de 3 noches', '•Enviado por móvil']"
MalagaLaMerced,Manuel,España,9.0,Escrito en 11 de julio de 2025,"Prácticamente, todo, ubicación, comodidad, limpieza","Aunque no sea culpa de los gestores, tengo que decirlo, por la noche hay mucho mal educado por la calle, gritos, insultos, en fin, gentuza","['•Viaje de ocio', '•Pareja', '•Estudio', '•Estancia de 4 noches', '•Enviado por móvil']"
MalagaLaMerced,Mesa,España,9.0,Escrito en 8 de junio de 2025,"Buena ubicación, muy bien equipado y muy cómoda",El aire no tiraba mucho .,"['•Viaje de ocio', '•Pareja', '•Estudio', '•Estancia de 1 noche', '•Enviado por móvil']"
MalagaLaMerced,Jared,España,7.0,Escrito en 1 de junio de 2025,Muy central. el tamaño del apartamento esta bien.,No esta bien aislado del ruido.,"['•Viaje de negocios', '•Pareja', '•Estudio', '•Estancia de 1 noche']"
MalagaLaMerced,Jose,España,8.0,Escrito en 15 de abril de 2025,Ubicación,El sofá un poco incomodo,"['•Viaje de ocio', '•Pareja', '•Estudio con terraza', '•Estancia de 1 noche', '•Enviado por móvil']"
MalagaLaMerced,Valeriia,España,9.0,Escrito en 3 de abril de 2025,"El apartamento está ubicado en una zona súper cómoda para conocer la ciudad y llegar caminando a todos los sitios. El parking está justo al lado, y con la app entrar al apartamento fue facilísimo. La verdad es que quedé muy contenta con todo.","Deberían promover un poco más el uso de la app, porque yo entré introduciendo el código, y solo después me di cuenta de que se pueden abrir todas las puertas con el móvil a través de la aplicación.No tengo ninguna queja importante, en general todo me gustó mucho. Es cierto que hay bastante ruido en la zona donde está el apartamento, pero los tapones que vienen en el ""Welcome kit"" al llegar son un buen detalle.","['•Viaje de ocio', '•Familia con niños pequeños', '•Estudio con terraza', '•Estancia de 1 noche']"
MalagaLaMerced,Luz,Estados Unidos,8.0,Escrito en 17 de marzo de 2025,Ubicación y estética del apartamento,Faltaban amenidades de  cocina y la comunicación con el personal no fue gran buena,"['•Viaje de ocio', '•Grupo', '•Apartamento de 3 dormitorios', '•Estancia de 1 noche', '•Enviado por móvil']"
MalagaLaMerced,Mari,España,7.0,Escrito en 21 de febrero de 2025,El sitio muy centrico,"Hay mucho ruido, no esta bien insonorizado y al estar en pleno centro se nota","['•Viaje de negocios', '•Familia con niños pequeños', '•Estudio', '•Estancia de 1 noche', '•Enviado por móvil']"
MalagaLaMerced,Manuel,España,8.0,Escrito en 24 de diciembre de 2024,La limpieza y ubicacion,No esta insonorizado nada se oye una mosca que pase por la calle,"['•Viaje de ocio', '•Familia con niños pequeños', '•Apartamento de 3 dormitorios', '•Estancia de 1 noche', '•Enviado por móvil']"
MalagaLaMerced,Eulalia,España,8.0,Escrito en 22 de diciembre de 2024,La ubicacion es perfecta. En el centro de Malaga y con parking a 2 minutos del apartamento,"Mucho ruido y , aunque te dejan tapones para los oidos no sirven. La calle es muy centrica y hay mucho ruido. El apartamento no esta bien insonorizado. El sofa cama tambien es incomodo y,abierto impide el paso al baño de los que duermen en cama principal","['•Viaje de ocio', '•Pareja', '•Estudio con terraza', '•Estancia de 1 noche', '•Enviado por móvil']"
MalagaLaMerced,Jorge,España,9.0,Escrito en 22 de diciembre de 2024,"la ubicación, está en pleno centro, y la habitación muy acogedora",,"['•Viaje de ocio', '•Pareja', '•Estudio', '•Estancia de 2 noches', '•Enviado por móvil']"
MalagaLaMerced,Anastasia,España,8.0,Escrito en 12 de diciembre de 2024,La ubicación,"No me gustó que entraron al apartamento sin avisar, para dejar un papel para rellenar. Tampoco me gustó que el apartamento no se cierra por dentro. Si han entrado mientras que estábamos fuera, me hace pensar que pueden entrar de noche mientras que estamos dormidos, no sé.","['•Viaje de ocio', '•Familia con niños pequeños', '•Estudio con terraza', '•Estancia de 1 noche', '•Enviado por móvil']"
MalagaLaMerced,Sheila,España,8.0,Escrito en 10 de diciembre de 2024,"Ubicacion perfecta, todo limpio",La cama algo incomoda,"['•Viaje de ocio', '•Pareja', '•Estudio', '•Estancia de 1 noche', '•Enviado por móvil']"
MalagaLaMerced,Rafael,España,8.0,Escrito en 10 de diciembre de 2024,La ubicación.,Poco aislamiento de ruido.,"['•Viaje de ocio', '•Familia con niños pequeños', '•Estudio con terraza', '•Estancia de 1 noche', '•Enviado por móvil']"
MalagaLaMerced,Jose,España,8.0,Escrito en 10 de diciembre de 2024,Muy bien la situación y el apartamento detallazo de bienvenida con agua y cápsulas de café y tapones para los oídos para el ruido que claro lo hacían los varenderos,Por poner algo las ventanas no quitan el ruido que entra de la calle,"['•Viaje de ocio', '•Grupo de amigos', '•Apartamento de 3 dormitorios', '•Estancia de 1 noche', '•Enviado por móvil']"
MalagaLaMerced,Carmen,España,7.0,Escrito en 9 de diciembre de 2024,"La ubicacion es excelente, el apartamento estaba limpio y muy fácil de hacer el check in. Tuvimos un problema con un objeto que nos dejamos en el apartamento y el personal fue muy rápido y amable.","Al abrir el sofá cama, no queda espacio para pasar a la zona del dormitorio y tienes que pasar por encima de la cama. Además de que nos pareció algo ruidoso","['•Viaje de ocio', '•Familia con niños pequeños', '•Estudio con terraza', '•Estancia de 1 noche', '•Enviado por móvil']"
MalagaLaMerced,Cristina,España,9.0,Escrito en 7 de diciembre de 2024,"La ubicación es estupenda. El apartamento estaba muy limpio. La forma de acceder al check in, cómoda y fácil. Abrimos la puerta con tan sólo acercar el móvil. El edificio tiene ascensor. La cama firme y cómoda para mi gusto.","Es una zona de tránsito de gente,  algo ruidosa. Pero a partir de la medianoche ya no hay tanto trasiego y ya no se oye nada.","['•Viaje de ocio', '•Pareja', '•Estudio', '•Estancia de 1 noche', '•Enviado por móvil']"
MalagaLaMerced,Jose,España,8.0,Escrito en 4 de noviembre de 2024,"La ubicación, estaba limpio y era cómodo",La aplicación para poder entrar en el apartamento no funcionaba,"['•Viaje de ocio', '•Pareja', '•Estudio', '•Estancia de 4 noches', '•Enviado por móvil']"
MalagaLaMerced,Giulietti,España,9.0,Escrito en 1 de agosto de 2024,"Limpio, bien distribuido","Alto el precio 
A la noche se escucha mucho la gente","['•Viaje de ocio', '•Pareja', '•Estudio', '•Estancia de 2 noches', '•Enviado por móvil']"
CordobaPatio,Rosa,España,10.0,Escrito en 9 de diciembre de 2025,Las instalaciones y la ubicación,,"['•Pareja', '•Habitación Cuádruple con baño privado', '•Estancia de 2 noches', '•Enviado por móvil']"
CordobaPatio,Diego,España,8.0,Escrito en 7 de diciembre de 2025,La ubicación y las instalaciones,El no decirle al resto de huéspedes el respeto para el descanso nocturno,"['•Viaje de ocio', '•Persona que viaja sola', '•Cama en habitación compartida mixta de 8 camas', '•Estancia de 3 noches', '•Enviado por móvil']"
CordobaPatio,Bemuse,España,8.0,Escrito en 4 de diciembre de 2025,La ubicación es bastante buena. Y las instalaciones muy cuidadas y limpias. El personal muy agradable.,"Lo único malo (aunque no es una cuestión del alojamiento) es que cuando estás en habitaciones para compartir la gente se olvida eso de no hacer ruido de noche.
Además sigo echando en falta el tema de la separación con cortinas en las camas en la mayoría de hosteles.","['•Viaje de ocio', '•Persona que viaja sola', '•Cama en habitación compartida mixta de 6 camas', '•Estancia de 1 noche', '•Enviado por móvil']"
CordobaPatio,Diaz,Colombia,8.0,Escrito en 3 de diciembre de 2025,"El hostal es precioso, muy bonito, esta bien ubicado. Marina y todos los de la recepción super amables.","La segunda noche cuando llegué, la habitación olía inmundo, era por un huésped que no se bañaba e hizo que todo el cuarto oliera así. No es un tema del hostal pero a tener en cuenta. Me cambiaron de cuarto y en el otro habia un señor que convirtió su cama en un tendedero de ropa. En general temas de hostales y el hecho que no hubiera cortinas o algo para dar más privacidad le quita puntos","['•Viaje de ocio', '•Persona que viaja sola', '•Cama en habitación compartida mixta de 10 camas', '•Estancia de 2 noches', '•Enviado por móvil']"
CordobaPatio,Mohammed,España,10.0,Escrito en 2 de diciembre de 2025,"Excelente lugar, muy limpio, moderno, espacioso y con todos los servicios. Está ubicado en el centro de la ciudad, cerca de todo. También quiero agradecer al personal; son excepcionales, respetuosos y amables. Te sientes como en casa. Lo recomiendo ampliamente; es el mejor lugar disponible actualmente.",Todo es excelente,"['•Viaje de ocio', '•Persona que viaja sola', '•Cama en habitación compartida mixta de 10 camas', '•Estancia de 1 noche', '•Enviado por móvil']"
CordobaPatio,María,Argentina,8.0,Escrito en 1 de diciembre de 2025,"El edificio antiguo es hermosísimo, muy bien decorado y mantenido. Me encantó. El personal muy amable.","El desayuno era regular, con pocas opciones.","['•Viaje de ocio', '•Persona que viaja sola', '•Cama Individual en habitación compartida femenina', '•Estancia de 2 noches']"
CordobaPatio,Antonio,España,8.0,Escrito en 28 de noviembre de 2025,"El lugar es como un convento reformado o algo así. Desde fuera sólo se ve una puerta. Hay que tocar el timbre y te abren. La recepción está dentro y el personal es muy muy amable. Hay una sala común con nevera donde puedes guardar tu comida y comer. Por la mañana ahí hacen el desayuno. Las habitaciones está bien, modernas, y las camas son cómodas, aunque no son muy grandes. La calle es muy tranquila.","El sitio está bien, pero por fuera no se ve más que una puerta, y no vimos el timbre, así que estuvimos un rato hasta que salió alguien. Pero fue despiste nuestro: llamen al timbre que les atenderán, son muy amables. Y otra cosa: las camas de arriba de las literas no tienen barandillas (o nosotros no las vimos), cuidado con los niños.","['•Viaje de ocio', '•Familia con niños pequeños', '•Habitación Familiar Estándar', '•Estancia de 1 noche']"
CordobaPatio,Mary,Argentina,10.0,Escrito en 27 de noviembre de 2025,"Ambiente agradable, espacioso y tranquilo",Le faltaría algún lugar de apoyo en las habitaciones ( yo estuve en la de seis),"['•Viaje de ocio', '•Persona que viaja sola', '•Cama Individual en habitación compartida femenina', '•Estancia de 4 noches', '•Enviado por móvil']"
CordobaPatio,Carla,España,10.0,Escrito en 27 de noviembre de 2025,"Es súper lindo! La ubicación es súper cómoda, estás cerca caminando de todo! Las instalaciones son modernas y cómodas! Las habitaciones modernas, camas super cómodas, con baño dentro de la habitación! Hay un lugar para estar con mesas y sillas y muchísimas mesas y sillones por los pasillos. El personal muy buena onda! Me encantó!",Nada! Me gustó todo! Solo para comentar que el agua de la ducha se filtraba por abajo de la puerta y se mojaba el piso.,"['•Viaje de ocio', '•Persona que viaja sola', '•Cama en habitación compartida mixta de 8 camas', '•Estancia de 2 noches', '•Enviado por móvil']"
CordobaPatio,Vicente,España,10.0,Escrito en 24 de noviembre de 2025,"Lo que más me gustó es la amplitud de la habitación, las camas son cómodas y la ubicación está genial",Por poner alguna pega que tienes que dejar la habiatacion a las 11:00h y te la dan a las 15:00h,"['•Viaje de ocio', '•Familia con niños pequeños', '•Habitación Familiar Estándar', '•Estancia de 1 noche', '•Enviado por móvil']"
CordobaPatio,Garcia,España,8.0,Escrito en 23 de noviembre de 2025,La amabilidad,La entrada,"['•Viaje de ocio', '•Familia con niños pequeños', '•Habitación Familiar con baño privado', '•Estancia de 2 noches', '•Enviado por móvil']"
CordobaPatio,Daniel,España,9.0,Escrito en 20 de noviembre de 2025,Me gustó mucho el patio de luces y la ubicación.,Las literas eran un poco incómodas para subir,"['•Viaje de ocio', '•Persona que viaja sola', '•Cama en habitación compartida mixta de 10 camas', '•Estancia de 3 noches', '•Enviado por móvil']"
CordobaPatio,Jara,España,10.0,Escrito en 18 de noviembre de 2025,"Increíble… todo limpio, cómodo y acogedor.  Y tiene piscina!!","Que no haya nadie presente en el alojamiento, o por lo menos cuando llegamos.","['•Viaje de ocio', '•Persona que viaja sola', '•Cama en habitación compartida mixta de 10 camas', '•Estancia de 1 noche', '•Enviado por móvil']"
CordobaPatio,Nuria,España,10.0,Escrito en 16 de noviembre de 2025,Las instalaciones y la facilidad para realizar todo el proceso de check-in y check-out.,,"['•Viaje de ocio', '•Persona que viaja sola', '•Cama Individual en habitación compartida femenina', '•Estancia de 1 noche', '•Enviado por móvil']"
CordobaPatio,Marie,España,10.0,Escrito en 15 de noviembre de 2025,Todo hermoso y limpio,,"['•Viaje de ocio', '•Persona que viaja sola', '•Cama Individual en habitación compartida femenina', '•Estancia de 2 noches', '•Enviado por móvil']"
CordobaPatio,Pablo,Chile,10.0,Escrito en 14 de noviembre de 2025,"Me gusto mucho la calma del hostal, es ideal, muy bien ubicado, el personal muy amable, instalaciones impecables, buenas camas.","Creo que a las camas les falta una cortina blackout para que no molesten cuando se enciende la luz de la habitación, solo como una opción de mejora","['•Viaje de ocio', '•Persona que viaja sola', '•Cama en habitación compartida con 4 camas', '•Estancia de 2 noches']"
CordobaPatio,Lorena,España,10.0,Escrito en 9 de noviembre de 2025,"La ubicación, el diseño y la tranquilidad",El chekin tan tarde,"['•Viaje de ocio', '•Pareja', '•Habitación Familiar Estándar', '•Estancia de 2 noches', '•Enviado por móvil']"
CordobaPatio,Benjumea,España,10.0,Escrito en 9 de noviembre de 2025,Limpio y buena ubicación,Nada,"['•Grupo de amigos', '•Habitación Familiar con baño privado', '•Estancia de 1 noche', '•Enviado por móvil']"
CordobaPatio,Martinez,España,8.0,Escrito en 30 de octubre de 2025,El edificio.,Se echa de menos algún espejo grande.,"['•Pareja', '•Habitación Familiar Estándar', '•Estancia de 1 noche', '•Enviado por móvil']"
CordobaPatio,Dayanne,España,10.0,Escrito en 27 de octubre de 2025,"Limpio, tranquilo y muy bien organizado",Un chaval que roncava hahhahah,"['•Viaje de ocio', '•Persona que viaja sola', '•Cama en habitación compartida mixta de 10 camas', '•Estancia de 2 noches', '•Enviado por móvil']"
CordobaPatio,Eloisa,Argentina,8.0,Escrito en 27 de octubre de 2025,Limpieza y privacidad,"Haria la parte del lavamanos del baño con una puerta porque si alguien se va temprano del cuarto, se escucha todo y despiertan a los demas","['•Viaje de ocio', '•Persona que viaja sola', '•Cama Individual en habitación compartida femenina', '•Estancia de 1 noche', '•Enviado por móvil']"
CordobaPatio,Walter,Uruguay,10.0,Escrito en 26 de octubre de 2025,Lindo lugar bien atendido y prolijamente cuidado. Me gustó mucho.,"No tengo nada que resaltar en forma negativa , por lo que no tengo nada para expresar.","['•Viaje de ocio', '•Persona que viaja sola', '•Cama en habitación compartida mixta de 10 camas', '•Estancia de 2 noches', '•Enviado por móvil']"
CordobaPatio,Patricia,Perú,9.0,Escrito en 25 de octubre de 2025,"El personal de calidad, linda la instalación",,"['•Viaje de ocio', '•Persona que viaja sola', '•Cama en habitación compartida mixta de 10 camas', '•Estancia de 1 noche', '•Enviado por móvil']"
CordobaPatio,Manuel,España,10.0,Escrito en 24 de octubre de 2025,ELBUEN SERVICIO .Y EL BUEN TRATO DEL PERSONAL. MUY CONTENTO,Me gustó mucho volveré,"['•Pareja', '•Habitación Familiar Estándar', '•Estancia de 3 noches', '•Enviado por móvil']"
