Palabra,Frecuencia
cama,260
sofá,185
apartamento,113
habitación,109
bien,106
si,103
baño,88
incómodo,75
solo,73
noche,65
dos,61
ruido,60
personas,58
limpieza,58
falta,52
personal,50
cocina,50
check,48
q,47
dormir,47
nadie,44
recepción,42
aunque,41
parking,41
entrar,41
ser,40
ducha,40
agua,38
tener,38
hora,37
puerta,37
desayuno,36
colchón,35
gustó,35
menos,34
pequeño,34
poder,34
precio,34
dejar,33
aire,32
hacer,32
entrada,32
cómodo,31
funcionaba,30
bastante,30
poner,30
calle,30
día,29
zona,29
persona,29
luz,29
almohadas,29
mejor,27
problema,27
abrir,27
in,27
camas,26
así,26
demasiado,26
ningún,25
hace,24
tampoco,24
estancia,24
alojamiento,24
ventanas,24
pega,23
gusto,23
apartamentos,23
salón,22
demás,22
mas,22
acondicionado,22
haber,22
tarde,21
espacio,21
reserva,21
out,21
incomodo,21
podía,21
parece,21
hotel,21
fotos,20
pudimos,20
calor,20
cada,20
habitaciones,20
olor,20
terraza,19
decir,19
tv,19
escoba,19
toallas,19
código,19
mañana,18
perfecto,18
caro,18
horas,18
imposible,18
ventana,18
noches,18
lado,18
ninguna,18
edificio,18
suelo,17
salir,17
salida,17
complicado,17
papel,17
casi,17
mal,17
aparcar,17
alguien,17
puede,17
maletas,16
alguna,16
sólo,16
días,16
dieron,16
ruidoso,16
sofa,16
parte,16
sistema,16
pagar,16
tan,15
tiempo,15
cuarto,15
café,15
frío,14
dan,14
verdad,14
gente,14
algún,14
pequeña,14
luego,14
centro,14
vez,14
veces,14
poca,14
cafetera,14
justo,13
caliente,13
recogedor,13
lavavajillas,13
acceso,13
servicio,13
calefacción,13
hacía,13
resto,13
piso,13
dejaron,13
pesar,13
ir,13
teléfono,13
caso,13
llegamos,13
hecho,13
cortinas,13
coche,13
además,13
online,13
única,13
problemas,12
pena,12
ver,12
mismo,12
varias,12
aceite,12
tres,12
horrible,12
llamar,12
atención,12
usar,12
pasar,12
cosas,12
sitio,12
faltaba,12
grande,12
llegar,12
minutos,12
forma,12
almohada,11
kit,11
toda,11
niños,11
perro,11
difícil,11
cápsulas,11
después,11
único,11
iba,11
llave,11
bueno,11
buena,11
extra,11
ahí,11
ropa,11
genial,11
dijeron,11
cosa,11
encima,11
manera,11
pago,11
digital,10
dentro,10
consigna,10
incómoda,10
descansar,10
lugar,10
sal,10
pueden,10
puedes,10
creo,10
sale,10
deberían,10
alarma,10
euros,10
tenia,10
pasamos,10
temprano,10
momento,10
unas,10
habia,10
muelles,10
podría,10
entiendo,10
funciona,10
va,10
sido,10
fregona,10
chica,10
cuenta,10
presión,10
jabón,10
esperar,10
vimos,10
platos,9
mampara,9
plato,9
dejan,9
parecía,9
ruidos,9
cerca,9
contacto,9
dormitorio,9
horario,9
huéspedes,9
paredes,9
puertas,9
cocinar,9
planta,9
semana,9
tele,9
internet,9
queda,9
igual,9
mascota,9
mesa,9
cualquier,9
opción,9
echamos,9
incómodas,8
gustado,8
último,8
quería,8
ascensores,8
sucio,8
pareció,8
hacen,8
etc,8
muchas,8
on,8
menaje,8
principal,8
da,8
escuchaba,8
tostadora,8
quizás,8
malo,8
acceder,8
line,8
tocó,8
manchas,8
gusta,8
techo,8
móvil,8
abierta,8
faltaban,8
mascotas,8
limpio,8
cambio,8
aparcamiento,8
individuales,7
nunca,7
arriba,7
siguiente,7
rato,7
recomiendo,7
peor,7
ubicación,7
todas,7
booking,7
través,7
debería,7
pequeñas,7
sillas,7
quizá,7
trabajar,7
sé,7
hundía,7
comprar,7
necesita,7
vecinos,7
fin,7
tapones,7
elevado,7
edredón,7
impersonal,7
daba,7
física,7
saber,7
televisión,7
calidad,7
desagüe,7
posibilidad,7
aún,7
aplicación,7
suficiente,7
largo,7
cambiar,7
lavadora,7
tema,7
comunicación,7
hacerlo,7
general,7
mejorable,7
fino,6
escucha,6
madrugada,6
abajo,6
coches,6
normal,6
hacia,6
segunda,6
íbamos,6
oye,6
vistas,6
barrer,6
privacidad,6
cierto,6
pequeños,6
late,6
servicios,6
hizo,6
trato,6
escaso,6
información,6
smart,6
conectar,6
utensilios,6
plazas,6
virtual,6
cobran,6
pedí,6
early,6
allí,6
incendios,6
final,6
pedimos,6
checking,6
vida,6
dijo,6
app,6
excelente,6
pueda,6
regular,6
sucias,6
comer,6
equipaje,6
basura,6
mucha,6
eché,6
adultos,6
sábanas,6
supongo,6
lejos,6
reservar,6
mantenimiento,6
mitad,6
tarjeta,6
ascensor,6
embargo,6
detalle,6
pasaba,5
sitios,5
ruidosa,5
molesto,5
cómoda,5
entonces,5
muebles,5
avisar,5
pocos,5
hicimos,5
realidad,5
uso,5
baja,5
necesario,5
solución,5
buen,5
podido,5
negativo,5
gracias,5
hice,5
horno,5
cortina,5
muchísimo,5
baños,5
frio,5
faltó,5
bajar,5
pude,5
descanso,5
culpa,5
cercanas,5
cuatro,5
códigos,5
básico,5
abres,5
condiciones,5
cobraron,5
azúcar,5
quedaba,5
sillón,5
insonorización,5
pusieron,5
ponen,5
seguridad,5
clave,5
primero,5
abierto,5
detalles,5
interior,5
higiénico,5
sola,5
podrían,5
pues,5
posible,5
colchones,5
web,5
afuera,5
netflix,5
debes,5
puedo,5
bajo,5
resulta,5
puesto,5
suerte,5
mayor,5
hablar,5
finas,5
horarios,5
mejorar,5
siendo,5
pastilla,5
relación,5
dias,5
pagarlo,5
ofrece,5
tipo,5
dejen,5
plancha,5
incluir,5
rota,5
excesivo,5
ejemplo,5
pan,4
daban,4
decía,4
súper,4
volver,4
tambien,4
pone,4
patio,4
lavamanos,4
correctamente,4
comida,4
pase,4
recepcionista,4
cuchillo,4
pese,4
cercano,4
contratar,4
presencial,4
servilletas,4
resultó,4
falto,4
comentar,4
pagado,4
doble,4
quedas,4
dura,4
intimidad,4
partir,4
llega,4
apto,4
pagué,4
propio,4
reservamos,4
paso,4
proceso,4
viajamos,4
escobilla,4
cambiaron,4
seca,4
aun,4
moho,4
casa,4
d,4
incomodísimo,4
pongo,4
lavabo,4
físico,4
utilizar,4
solicitar,4
cliente,4
enciende,4
queja,4
incluso,4
durmió,4
instalaciones,4
literas,4
cuidado,4
enchufe,4
fácil,4
mayores,4
supletoria,4
poniendo,4
punto,4
confortable,4
trapo,4
molesta,4
abrió,4
hicieron,4
diría,4
podían,4
bienvenida,4
toalla,4
visto,4
dejarlo,4
roto,4
piscina,4
físicamente,4
ruidosos,4
cuestión,4
mayoría,4
cierra,4
abrirlo,4
cerraba,4
suite,4
unico,4
mail,4
terrible,4
ambiente,4
dia,4
ambientador,4
salió,4
primer,4
excepto,4
esperaba,4
anterior,4
ido,4
trabajo,4
eramos,4
vi,4
estropeó,4
varios,4
huésped,4
piden,4
siempre,4
aquí,4
medio,4
vas,4
habitual,4
cubiertos,4
entra,4
bastantes,4
pagamos,4
mientras,4
wifi,4
llamamos,4
quedo,4
bares,4
claro,4
segundo,4
establecimiento,4
subir,4
andando,4
limpiar,4
olía,4
fumadores,4
oía,4
arreglarlo,4
encontrar,4
debajo,4
par,4
comodo,4
movía,4
grandes,4
pensar,3
vale,3
número,3
centralita,3
tardaron,3
ofrecen,3
mala,3
pub,3
exacta,3
tabaco,3
duchas,3
encontramos,3
dedos,3
canales,3
previamente,3
costó,3
taxi,3
tomar,3
cubo,3
dejaban,3
error,3
armario,3
ocasiones,3
poquito,3
reservado,3
dando,3
viendo,3
duda,3
pared,3
polvo,3
meses,3
contratamos,3
sabíamos,3
tarda,3
trajeron,3
iluminación,3
motivo,3
echa,3
pasaron,3
individual,3
evitar,3
aprovechar,3
paquete,3
microondas,3
decoración,3
insuficiente,3
tendedero,3
persianas,3
departamento,3
espejo,3
cortesía,3
alrededores,3
suelen,3
gratis,3
champú,3
suplemento,3
distancia,3
bajas,3
entraron,3
durmiendo,3
pido,3
personalmente,3
principio,3
capacidad,3
usamos,3
llegó,3
super,3
necesidad,3
encimera,3
altas,3
sino,3
fuerte,3
amenities,3
alrededor,3
dormimos,3
nuevo,3
bayeta,3
llamada,3
caía,3
ciudad,3
detergente,3
den,3
amable,3
loza,3
estancias,3
vehículo,3
buscar,3
veo,3
decirlo,3
fianza,3
apertura,3
ponerle,3
cafetería,3
preparar,3
suciedad,3
haga,3
dificultad,3
olores,3
incluido,3
avisan,3
insoportable,3
complicada,3
pocas,3
arreglaron,3
termostato,3
excesiva,3
vino,3
mando,3
mensaje,3
consultas,3
viene,3
cierre,3
gritos,3
sartenes,3
aptas,3
nocturno,3
llegué,3
tuberías,3
funda,3
gustaría,3
estropajo,3
matrimonio,3
opinión,3
mueble,3
completamente,3
según,3
explicacion,3
mantas,3
libere,3
blandas,3
salía,3
indica,3
insonorizado,3
extras,3
flexibilidad,3
huespedes,3
totalmente,3
tostador,3
timbre,3
aislado,3
supermercado,3
ningun,3
realmente,3
pedir,3
pareja,3
lados,3
escasa,3
gel,3
nórdico,3
contactar,3
h,3
televisor,3
inmediatamente,3
recoger,3
indicaciones,3
desagradable,3
fechas,3
italiana,3
rollo,3
productos,3
juntas,3
pagas,3
garaje,3
wc,3
estupendo,3
calles,3
absolutamente,3
leer,3
abonar,3
disponible,3
espalda,3
engorroso,3
recibir,3
quieres,3
sabanas,3
automático,3
instrucciones,3
cuesta,3
taza,3
aspecto,3
facilidades,3
tal,3
maravilloso,3
mobiliario,3
fregar,3
hoy,3
pelos,3
cinco,3
tras,3
cerrar,3
adicional,3
correcto,3
datos,3
comedor,3
seria,3
grados,3
absoluto,3
nota,3
cheking,3
aislamiento,3
tamaño,3
elegido,3
llegada,3
insuficientes,3
solamente,3
decidimos,3
respuesta,3
máquinas,3
codigos,3
pq,3
pack,3
figura,3
pamplona,3
respondieron,3
aviso,3
pronto,3
estudio,3
bonita,3
viajas,3
misma,3
funcionar,3
entraba,3
volvería,3
incomoda,3
enviaron,3
foto,3
puntos,3
experiencia,3
correspondía,3
estropeado,3
ponerlo,3
usado,3
hunde,2
escandalosos,2
suponía,2
sabían,2
peticiones,2
colchon,2
interfono,2
constaba,2
complejo,2
resolver,2
contestador,2
juego,2
nido,2
costaba,2
cuchara,2
postre,2
cómodas,2
incidente,2
cómo,2
sonido,2
dejó,2
podías,2
anuncio,2
indican,2
coger,2
abusivo,2
definitiva,2
deficiencias,2
inconveniente,2
red,2
inquilino,2
quedarse,2
estructura,2
tercera,2
abandonar,2
constantemente,2
finos,2
automáticamente,2
alas,2
resultar,2
imagino,2
depende,2
dirección,2
suelta,2
chromecast,2
digitalmente,2
agradable,2
dejaba,2
armarios,2
notaba,2
empleados,2
ayudó,2
dormian,2
cerradura,2
disponía,2
t,2
peso,2
turísticos,2
pelo,2
contar,2
amarillento,2
normas,2
bajitas,2
salpicaba,2
oliera,2
dejando,2
butaca,2
llena,2
muerta,2
parecido,2
repetir,2
congelador,2
tenerlo,2
habian,2
lento,2
cartel,2
dicen,2
echar,2
intentar,2
espantoso,2
cero,2
animal,2
comedero,2
octubre,2
pudieran,2
conseguimos,2
llegue,2
creyeron,2
exterior,2
claramente,2
padres,2
respeto,2
perros,2
barra,2
esquina,2
chekin,2
utilizarlo,2
temporada,2
funcionó,2
dió,2
borde,2
lavar,2
querías,2
parejas,2
algun,2
tapa,2
barrio,2
ve,2
moverse,2
diáfano,2
parpadea,2
dejo,2
negativa,2
acabé,2
destrozada,2
señalar,2
mocho,2
automática,2
alguno,2
split,2
hablando,2
eficiente,2
plataforma,2
separación,2
comercial,2
chaval,2
capsulas,2
nórdica,2
colchas,2
sábana,2
colcha,2
mantita,2
veía,2
wasap,2
confort,2
cobren,2
devolver,2
tranquilo,2
enfrente,2
peligroso,2
malísimo,2
montar,2
azul,2
amables,2
seis,2
manta,2
blando,2
telefonillo,2
supuestamente,2
pensando,2
hostal,2
ubicado,2
toca,2
notan,2
viajar,2
disponibilidad,2
cafe,2
sofà,2
tabla,2
madera,2
estrecha,2
mejora,2
atendieron,2
ayudaron,2
hija,2
tapar,2
descargar,2
pleno,2
calentador,2
cafeterías,2
distribución,2
quedar,2
pagaba,2
pendiente,2
gastar,2
llegas,2
cobrar,2
vía,2
tedioso,2
grupo,2
económico,2
llegado,2
envían,2
estropajos,2
humano,2
ayudarme,2
viajo,2
avería,2
solucione,2
odisea,2
bar,2
cierran,2
resultado,2
penalización,2
automatizado,2
entras,2
cuanto,2
pimienta,2
checkout,2
plaza,2
ducharse,2
compartida,2
fatal,2
chico,2
quedé,2
lámpara,2
añadiría,2
aparece,2
cara,2
decepcionante,2
oscura,2
verde,2
delante,2
todavía,2
corriendo,2
hijas,2
hueco,2
piezas,2
ofreció,2
alojado,2
dinero,2
atender,2
escaleras,2
solar,2
respecto,2
cancelación,2
vinieron,2
sufres,2
pésimo,2
entrado,2
sirven,2
perder,2
calidez,2
comodidad,2
empezar,2
gustaron,2
correos,2
dónde,2
escuchas,2
despertamos,2
dice,2
corredera,2
literalmente,2
posterior,2
oia,2
oferta,2
caros,2
pequeñita,2
dúplex,2
altos,2
alargar,2
claridad,2
sillones,2
cojines,2
cercos,2
nevera,2
fumado,2
aclarar,2
dudas,2
lleno,2
atendió,2
registro,2
deja,2
cerraban,2
confirman,2
confusión,2
dormida,2
olvidó,2
cobrado,2
telefono,2
invierno,2
trabajadora,2
viaje,2
resuelven,2
escasos,2
líquido,2
tráfico,2
concepto,2
nula,2
previo,2
pudieron,2
comunique,2
comidas,2
avisamos,2
abrirse,2
balcón,2
volvimos,2
leche,2
juegos,2
escalera,2
cobro,2
hagan,2
cajón,2
pudo,2
dispone,2
ventilar,2
apareció,2
consultar,2
sucios,2
mesillas,2
temprana,2
alojamos,2
ratito,2
depender,2
nespresso,2
directamente,2
discoteca,2
frente,2
durmieron,2
cómodos,2
quitan,2
idea,2
hospitalidad,2
fecha,2
pedi,2
trabajando,2
dejado,2
capaces,2
empleado,2
temperatura,2
estabamos,2
venido,2
trasiego,2
confianza,2
descontaron,2
movimiento,2
activación,2
llego,2
permite,2
vamos,2
confirme,2
salto,2
hierros,2
diario,2
colocar,2
incomodas,2
escuchan,2
bonito,2
luces,2
dificulta,2
comunicado,2
minimo,2
quejas,2
clientes,2
ello,2
sucia,2
estan,2
apenas,2
solicité,2
enlace,2
decían,2
clavas,2
dio,2
sábado,2
solucionaron,2
diciembre,2
domingo,2
rápido,2
cuna,2
bebé,2
entran,2
guardar,2
solucionarlo,2
valorar,2
relleno,2
vienen,2
medianoche,2
alto,2
portal,2
metiendo,2
jaleo,2
fundas,2
corresponde,2
codigo,2
contesta,2
cañerías,2
costo,2
devuelvan,2
extremadamente,2
cepillo,2
necesite,2
fallaba,2
desayunos,2
entendemos,2
incluye,2
destrozado,2
usarlo,2
únicamente,2
vayas,2
darle,2
necesitar,2
exagerado,2
tragaba,2
puntual,2
limpia,2
lujo,2
obstante,2
puedan,2
ayudar,2
fué,2
alta,2
octavo,2
abre,2
función,2
irnos,2
presenta,2
dijimos,2
ajustado,2
querer,2
extractor,2
separada,2
escanear,2
hacerme,2
tecnología,2
saltó,2
música,2
x,2
dificil,2
apretado,2
estrechas,2
ponía,2
corto,2
formas,2
dni,2
reservas,2
accesos,2
mediante,2
apartahotel,2
parquing,2
gratuito,2
sobretodo,2
espacios,2
llamó,2
tortilla,2
pasillo,2
cambien,2
eliges,2
bichitos,2
elección,2
rápidamente,2
i,2
control,2
mesitas,2
vuelta,2
sabes,2
ponerme,2
solucionar,2
rotas,2
potencia,2
fuerza,2
haces,2
vista,2
cerrada,2
pasta,2
encendía,2
pusimos,2
whatsapp,2
conseguíamos,2
abriera,2
variedad,2
claves,2
primera,2
vergüenza,2
numero,2
alternativa,2
quizas,2
zonas,2
teniamos,2
encender,2
realizar,2
llenaba,2
demasiada,2
limpios,2
funcionaban,2
venía,2
salvo,2
vitoria,2
manos,2
ático,2
lista,2
necesitaba,2
clima,2
dejamos,2
detrás,2
inunda,2
duerme,2
sentarse,2
pisos,2
sacar,2
edredones,2
ocupado,2
esquinas,2
normalmente,2
suele,2
página,2
instalaron,2
alquilado,2
mini,2
llevar,2
quisimos,2
sugerencia,1
empezaron,1
chillar,1
berrear,1
ela,1
movieron,1
rompían,1
descansamos,1
tranquila,1
pie,1
barraca,1
estarian,1
cogidos,1
aseo,1
resultaba,1
marcha,1
tratamos,1
cenar,1
anochecer,1
afectada,1
agradecido,1
plano,1
entretenido,1
molestaba,1
destellaba,1
router,1
aparato,1
llevarlo,1
digan,1
cumplen,1
chuches,1
situado,1
està,1
tecnologia,1
filtraba,1
tapados,1
compre,1
dolor,1
comprendo,1
habria,1
pintura,1
repaso,1
seleccionar,1
distinguir,1
impregnados,1
imaginamos,1
añadirlo,1
considerar,1
ídem,1
avisado,1
salíamos,1
creer,1
situacion,1
ejemplos,1
interminable,1
quehaceres,1
repasar,1
muchisimo,1
desplegaba,1
defecto,1
abombado,1
via,1
puse,1
expertos,1
reservábamos,1
expendedoras,1
comentario,1
alimenticios,1
complementos,1
echado,1
impedía,1
completo,1
blanca,1
pagues,1
subieron,1
expones,1
cabo,1
tarifa,1
cojan,1
mermelada,1
acompañar,1
colines,1
batiburrillo,1
contiene,1
continua,1
ducharnos,1
práctico,1
comprarlo,1
preferido,1
llegabamos,1
nerviosismo,1
causo,1
trasero,1
continental,1
comodisima,1
tirar,1
tenias,1
costernq,1
almenos,1
apuro,1
tazas,1
cisterna,1
robot,1
intentado,1
comunes,1
aparcado,1
atendido,1
bebida,1
cápsula,1
bollo,1
mantequilla,1
fija,1
protestar,1
humo,1
anticuado,1
cargan,1
hall,1
viajeros,1
cumplimentar,1
nuevas,1
cantidad,1
pienso,1
incertidumbre,1
rompía,1
confunden,1
humedad,1
holor,1
floja,1
estrellas,1
pareciera,1
parecieron,1
aut,1
prescindir,1
detallar,1
obtención,1
grave,1
reparen,1
dimos,1
devuelven,1
euro,1
responsable,1
negocio,1
dé,1
pulcritud,1
desajustada,1
inodoro,1
lentos,1
plantas,1
horriblemente,1
ridículo,1
dnis,1
independientemente,1
personacuidar,1
ajustar,1
megustara,1
balleta,1
desperfectos,1
vasos,1
ibas,1
esperes,1
digitalización,1
abatida,1
estaria,1
batiente,1
funcinaba,1
termino,1
conseguirlo,1
podrás,1
batería,1
apuntar,1
butacas,1
mover,1
trillado,1
dormí,1
conciencia,1
resulto,1
ancha,1
tostar,1
color,1
tenian,1
vendes,1
desaparece,1
permitido,1
huele,1
indigno,1
cutre,1
agradables,1
efectuados,1
acordeón,1
base,1
registrarnos,1
encajar,1
perdiendo,1
indicaran,1
mojado,1
duchábamos,1
minusválidos,1
trasmisión,1
cortaba,1
furgoneta,1
ciberataque,1
mundo,1
aplicaciòn,1
alargado,1
intentamos,1
deteriorado,1
deseamos,1
cartón,1
sujetaban,1
mandarnos,1
aumentara,1
shampoo,1
horrorosamente,1
estw,1
incorrecta,1
grifo,1
cabeza,1
apoyas,1
toco,1
cálidad,1
movilidad,1
resultando,1
acaba,1
atendernos,1
educada,1
joven,1
atendio,1
telarañas,1
defraudó,1
muelle,1
tensando,1
mejoraron,1
salvamos,1
deformado,1
hundidos,1
sofacama,1
duplican,1
aparthotel,1
doblado,1
antelación,1
snacks,1
iban,1
muchísima,1
noviembre,1
abrigo,1
duchar,1
gustara,1
crujía,1
ocupaba,1
asignado,1
opcion,1
educacion,1
atendudos,1
debiamos,1
existia,1
reembolsable,1
señora,1
preocupación,1
tostada,1
mira,1
contrato,1
saberlo,1
condena,1
transferencias,1
contraseñas,1
cuentas,1
manejo,1
estresa,1
complicó,1
incluida,1
confiando,1
digitales,1
tardando,1
resolverlo,1
desayunar,1
mojara,1
pedirle,1
palia,1
meterla,1
encorvado,1
disfrutamos,1
cuentan,1
firmas,1
imponiendome,1
victoria,1
impuesto,1
formulario,1
precios,1
inflan,1
azkena,1
iberia,1
preocupando,1
cancelar,1
pudiendo,1
viajero,1
enviandome,1
confirmación,1
emails,1
generando,1
facilidad,1
familiares,1
telemático,1
fotografia,1
climatización,1
coclhón,1
explicaciones,1
adecuadamente,1
colocarlo,1
helada,1
tibia,1
nesspreso,1
estropeaba,1
asco,1
superficial,1
fina,1
recepcionistas,1
ahorrarse,1
profesional,1
actividad,1
completa,1
sobrecitos,1
imposibles,1
resulten,1
tramite,1
posarás,1
inclinada,1
cristales,1
afectados,1
devolución,1
ofrecieron,1
siguió,1
simpáticos,1
trabajadores,1
bebés,1
ratos,1
enorme,1
agobio,1
sensación,1
asomarse,1
irian,1
sospecho,1
adaptar,1
obtuve,1
cadena,1
alojarnos,1
volveremos,1
maximizar,1
adaptada,1
existen,1
cafeteras,1
darte,1
preparó,1
quitamos,1
fruta,1
amabilidad,1
adquirir,1
proporcionar,1
llamé,1
éstas,1
pasear,1
preguntar,1
galletas,1
adaptado,1
guardarte,1
balda,1
ddevolución,1
dicha,1
informaron,1
segun,1
ae,1
descargarse,1
saben,1
críos,1
traten,1
desproporcionado,1
reclamacion,1
dispensador,1
sórdido,1
partes,1
marino,1
alzul,1
quejarnos,1
encharcaba,1
cables,1
terminamos,1
legal,1
dudo,1
permiso,1
metieron,1
considerable,1
rellanos,1
digamos,1
revisar,1
migas,1
arrastrar,1
cena,1
temperaturra,1
regulado,1
recepcion,1
proporcionan,1
telefónicamente,1
señalizada,1
consiga,1
informó,1
amablemente,1
casualidad,1
despacho,1
do,1
pula,1
entramos,1
tender,1
sirve,1
trajeran,1
suelto,1
pomo,1
billa,1
telefónica,1
características,1
inapropiado,1
manchado,1
digitalizado,1
metros,1
sabado,1
trafico,1
soportando,1
abiertaa,1
solucion,1
abatibles,1
lleva,1
claustrofóbico,1
evidente,1
vómito,1
lleguemos,1
ayer,1
repasito,1
darles,1
decente,1
metieran,1
cristal,1
cuadro,1
sueltos,1
abrían,1
misión,1
estropea,1
sumas,1
qual,1
pudimoa,1
ventilamos,1
habitacion,1
aspirar,1
trabajador,1
solta,1
respetar,1
dientes,1
acumulado,1
descuidado,1
abismal,1
fumador,1
digo,1
oscuridad,1
guste,1
seguía,1
tercer,1
traían,1
reclamé,1
priner,1
negro,1
sucísimo,1
adecuadas,1
ventilador,1
aguantar,1
bochorno,1
fregando,1
continuamente,1
vajilla,1
cerrarse,1
antena,1
abrirla,1
configurar,1
golpeamos,1
lampara,1
repetimos,1
gustando,1
atascado,1
fregadero,1
quiso,1
vending,1
máquina,1
tupidas,1
mueve,1
monta,1
cancelaron,1
aceptaron,1
utilizaron,1
devolvieron,1
sencillo,1
particularmente,1
incidencia,1
acudir,1
moderno,1
bombilla,1
economico,1
diaria,1
quiten,1
proximidad,1
fijé,1
mea,1
entera,1
abría,1
blandos,1
almohadón,1
lámparas,1
permitan,1
coincidí,1
ocurrió,1
intentos,1
activar,1
llevas,1
anomalia,1
onlay,1
malas,1
convertir,1
dormitorios,1
visible,1
estupendamente,1
desayunamos,1
sueño,1
oficial,1
oportunidad,1
timo,1
echó,1
tubería,1
mojabas,1
jóvenes,1
acabado,1
respaldo,1
isla,1
escritorio,1
usarla,1
retrasarlo,1
método,1
espera,1
fregado,1
brazo,1
rompí,1
urbano,1
transporte,1
cansado,1
colina,1
debe,1
aquel,1
vuelto,1
bebidos,1
haciendo,1
visillos,1
escandalosamente,1
introducir,1
prácticamente,1
querían,1
espectacular,1
margen,1
pasaporte,1
esposa,1
espuma,1
desagües,1
chicas,1
mochilas,1
inmediato,1
comercios,1
encuentras,1
cuadras,1
caminar,1
área,1
pensé,1
montaña,1
independiente,1
estrecho,1
ayudan,1
tarden,1
manipular,1
sugiero,1
bloqueo,1
compañeros,1
moleste,1
lejana,1
justita,1
terminadas,1
aplastaba,1
carguen,1
auténtica,1
entendí,1
extremo,1
responder,1
amplia,1
permiten,1
cenando,1
subiendo,1
ondarreta,1
playa,1
ajustan,1
habilidades,1
laboral,1
motivación,1
digitos,1
camarotes,1
creemos,1
comportaron,1
listones,1
evitase,1
supimos,1
cerrase,1
miedo,1
inquietud,1
causó,1
céntrico,1
turnamos,1
cortesia,1
facilitar,1
hundido,1
cefalea,1
osmofobia,1
mareado,1
subes,1
aceptan,1
tortura,1
ajado,1
inestable,1
sujetaba,1
torpeza,1
propia,1
echarle,1
listo,1
disculpas,1
equivocar,1
discutir,1
discute,1
desear,1
roja,1
goteo,1
instancia,1
turnarnos,1
dificultar,1
cambiarle,1
incómodos,1
desaguan,1
dotado,1
lentiiiiiiisimo,1
placa,1
saliéramos,1
comprando,1
acabamos,1
proporcionó,1
material,1
limpiaron,1
abiertas,1
utilizamos,1
levantaba,1
quejó,1
hijo,1
compacta,1
laborioso,1
agobiaba,1
usada,1
mojada,1
quejarme,1
delbaño,1
oyen,1
comenta,1
descripción,1
debimos,1
cucharas,1
tenedores,1
contado,1
nueva,1
ofrecer,1
acustico,1
palo,1
morir,1
haciéndolo,1
responderme,1
petfriendly,1
considerarse,1
picando,1
adulto,1
intente,1
tocamos,1
raras,1
éste,1
levantada,1
silicona,1
cogí,1
cancelarlo,1
enteré,1
volvía,1
irte,1
bajantes,1
exactas,1
portodos,1
hecha,1
conocían,1
manilla,1
determinadas,1
cuchillos,1
apagaba,1
frágil,1
inusable,1
ponerte,1
quitarte,1
conectado,1
cambiarlo,1
supletorio,1
movil,1
colgando,1
interruptores,1
importantes,1
contenta,1
decidir,1
podamos,1
informe,1
protocolos,1
demasiados,1
sol,1
rejilla,1
húmedad,1
atrapadas,1
pague,1
notificado,1
reparaciones,1
obstaculizada,1
museo,1
linda,1
pesado,1
activada,1
funcionamiento,1
increíble,1
vapper,1
plataformas,1
poenr,1
puedas,1
disponen,1
habtiaciones,1
óptima,1
duros,1
iqos,1
fuma,1
fumar,1
obligatorios,1
completado,1
crees,1
pasos,1
seguir,1
periodo,1
contestaron,1
modo,1
cabecera,1
estable,1
estancaba,1
u,1
moverlos,1
darse,1
mueven,1
escondida,1
merecía,1
regulaba,1
preparado,1
pasota,1
code,1
central,1
ls,1
apo,1
traves,1
s,1
trabajan,1
renovar,1
despertábamos,1
contiguas,1
especialmente,1
hacerse,1
aguas,1
km,1
tuenes,1
tapan,1
invernal,1
sangre,1
mancha,1
cubre,1
cacharros,1
limita,1
mantiene,1
jns,1
libro,1
oensar,1
apagada,1
acondicionador,1
cronometramos,1
mueves,1
venden,1
ambos,1
necesaria,1
apagamos,1
desgastado,1
llegaba,1
tardaba,1
mes,1
bebedero,1
viable,1
aroma,1
madre,1
arroja,1
resortes,1
sentían,1
tiras,1
pesadilla,1
vivir,1
encontrado,1
encuentra,1
animales,1
permitir,1
dueños,1
perfectas,1
recibieron,1
reservé,1
rayada,1
chunga,1
amplitud,1
contraté,1
grosor,1
hogar,1
utensilio,1
asumible,1
feas,1
cuerpo,1
queremos,1
malisimos,1
cortará,1
prime,1
oscilobatientes,1
posiblemente,1
tijeras,1
hechamos,1
voy,1
encontraremos,1
lonchera,1
regresaría,1
averiguando,1
pasé,1
pelea,1
autónomo,1
haría,1
tradicional,1
inmigración,1
probamos,1
cuantas,1
caminando,1
subidas,1
estacionamiento,1
gratuita,1
policías,1
peleas,1
sigo,1
olvida,1
compartir,1
vecindario,1
hosteles,1
echando,1
haria,1
hahhahah,1
roncava,1
decirle,1
callejón,1
vitro,1
vienes,1
tirando,1
metal,1
despiste,1
localización,1
agujeros,1
arreglo,1
necestita,1
pusieran,1
pasas,1
axfisias,1
sustituyendo,1
pongan,1
casas,1
lavaplatos,1
ademanes,1
quita,1
dar,1
hostales,1
temas,1
convirtió,1
señor,1
bañaba,1
inmundo,1
molesten,1
liada,1
llamarlos,1
entender,1
pasen,1
blackout,1
presente,1
habiatacion,1
apoyo,1
faltaría,1
barandillas,1
atenderán,1
llamen,1
contactamos,1
festivos,1
opciones,1
turbia,1
pasasen,1
corta,1
enfriar,1
positivo,1
mejorat,1
aparcamos,1
restringida,1
acercar,1
jajajaja,1
helados,1
expresar,1
resaltar,1
demas,1
despiertan,1
servía,1
sentir,1
alegando,1
traer,1
hoteles,1
encantó,1
rigidez,1
capada,1
samsung,1
apps,1
peatonal,1
conmigo,1
chicos,1
igualmente,1
seguro,1
hombres,1
mixta,1
secescuchaban,1
dormido,1
insonorizada,1
contrario,1
descanzo,1
bullicio,1
granada,1
histórico,1
meter,1
antigua,1
contratiempo,1
surgir,1
ollas,1
funcione,1
arreglado,1
cumplían,1
rígida,1
engañen,1
video,1
amazon,1
agradecería,1
hdmi,1
recibiera,1
cos,1
absurdo,1
perra,1
costaron,1
calcetín,1
inmensa,1
goteras,1
funcionase,1
malabarismos,1
solucionó,1
completos,1
lejano,1
botellas,1
abridor,1
alquilarlo,1
reparación,1
losetas,1
anticipar,1
limpiado,1
silencio,1
mandó,1
botellita,1
dolencias,1
enfermedad,1
echarse,1
duró,1
conectada,1
proporción,1
arrancara,1
frasco,1
especifico,1
veas,1
cojas,1
vibraba,1
cepillos,1
negativos,1
suministros,1
camión,1
fría,1
duchaba,1
oído,1
transitada,1
ideal,1
acabo,1
personassolo,1
pelín,1
ayuntamiento,1
repetiría,1
recomendable,1
incluirse,1
película,1
acostarnos,1
emos,1
gritando,1
llegaron,1
terrazas,1
molestan,1
mediodía,1
recogia,1
diesen,1
obligstoriamente,1
lioso,1
buscáramos,1
profundidad,1
crome,1
enfin,1
salido,1
salidas,1
simplificarse,1
asistencia,1
pondría,1
dormirme,1
adolescentes,1
multa,1
matricula,1
moverte,1
embutido,1
suficientes,1
alojarte,1
electrónico,1
correo,1
portazos,1
ruidoempezaron,1
desencajados,1
vais,1
despiertas,1
saltarnos,1
resueltas,1
ventilaciones,1
vaya,1
pretenden,1
ósea,1
pedirlo,1
mantener,1
artificial,1
exceso,1
quieren,1
saltarte,1
encajado,1
topa,1
vital,1
madrid,1
minuscula,1
lamparita,1
ciudades,1
acondicionados,1
gestiona,1
multaran,1
accedes,1
avisa,1
local,1
tropezabas,1
abrías,1
atendia,1
espacioso,1
asi,1
junto,1
iluminas,1
necesitasen,1
usando,1
prisas,1
maja,1
despierta,1
separaciòn,1
diafano,1
destacaria,1
actividades,1
itinerario,1
obligandonos,1
retraso,1
colocacion,1
discotecas,1
helado,1
llegábamos,1
cd,1
tardes,1
encendían,1
cast,1
tapicerias,1
sentabas,1
resolvió,1
miren,1
esperé,1
portón,1
techos,1
tocado,1
lamentablemente,1
buffet,1
amiga,1
recurrir,1
divisas,1
conversor,1
carecieran,1
decorado,1
luminoso,1
lindo,1
duplex,1
ventilación,1
peligrosas,1
regala,1
conoce,1
cansados,1
lunes,1
menor,1
gasto,1
amigo,1
recurri,1
aires,1
comunicamos,1
desastre,1
batallero,1
allá,1
alli,1
rechazaba,1
dolar,1
monetizadas,1
argentinas,1
tarjetas,1
importe,1
existía,1
entregarlo,1
coincidió,1
grifos,1
filtraban,1
incluiría,1
subirían,1
dejarme,1
consultarlo,1
respondí,1
quedarme,1
diciéndome,1
llaman,1
abusaron,1
sala,1
bote,1
prioridad,1
propiedad,1
libremente,1
desplazarse,1
hendija,1
regalado,1
quejaban,1
email,1
salí,1
valijas,1
quedamos,1
produce,1
cuidados,1
equipada,1
electrodomésticos,1
té,1
escalones,1
intenso,1
contarlo,1
ocasion,1
llama,1
atenderte,1
lavados,1
adecuada,1
considero,1
hospitalarios,1
proporciona,1
finalmente,1
increibles,1
porcelanato,1
matinales,1
campanas,1
resumen,1
cm,1
fe,1
ladró,1
cámara,1
ladraba,1
checkin,1
óptimas,1
seguramente,1
lavado,1
inconvenientes,1
dsp,1
recibirte,1
añadí,1
contestó,1
aclarábamos,1
rebosa,1
parecer,1
barato,1
añadido,1
litro,1
elevador,1
pasa,1
quedan,1
chocolatina,1
incomodaron,1
atendiera,1
conseguía,1
permitía,1
ingresar,1
llevan,1
notifiqué,1
recién,1
calmo,1
segundos,1
ayude,1
surge,1
tantos,1
original,1
upgrade,1
exactamente,1
suites,1
reflejar,1
publicados,1
cambiado,1
distribucion,1
avisarles,1
publicado,1
estres,1
ahorrarte,1
evita,1
valorarlo,1
calentarse,1
conversaciones,1
machas,1
disimular,1
amplios,1
descansaron,1
intuitivo,1
básicos,1
comunicar,1
inutil,1
hombre,1
mujer,1
estudiante,1
básica,1
antiguos,1
ademas,1
basado,1
eligio,1
azar,1
funcional,1
visita,1
asegurar,1
gastado,1
genius,1
descontado,1
tratamiento,1
vago,1
excusa,1
checkins,1
alquilando,1
seguimiento,1
escusas,1
dicho,1
agente,1
hiciera,1
agradó,1
automatico,1
debido,1
escasamente,1
usas,1
duerman,1
lograr,1
equipado,1
lástima,1
colindante,1
circundan,1
platicas,1
complemento,1
educados,1
coincidas,1
altura,1
enchufar,1
enchufes,1
preparados,1
sueltas,1
patas,1
comunicarme,1
trate,1
finito,1
criticar,1
recomendaría,1
pasajeros,1
asistir,1
pobre,1
cuál,1
departamentos,1
existe,1
acústicamente,1
aíslan,1
real,1
calculo,1
imaginar,1
quiero,1
reformase,1
reforma,1
eur,1
familias,1
parecen,1
indique,1
mensajes,1
larga,1
preguntando,1
gran,1
amenidades,1
welcome,1
importante,1
di,1
introduciendo,1
entré,1
promover,1
tiraba,1
gentuza,1
insultos,1
educado,1
gestores,1
similares,1
aplicaciones,1
conectarse,1
cupo,1
justificado,1
considerara,1
trataba,1
informado,1
nuevamente,1
debí,1
arregla,1
tránsito,1
dormidos,1
rellenar,1
duermen,1
impide,1
centrica,1
oidos,1
mosca,1
sumidero,1
ausencia,1
amarillos,1
interiores,1
renovarlo,1
vinagre,1
asientos,1
bajarla,1
números,1
dominante,1
posición,1
abuso,1
refleja,1
demostrado,1
falsa,1
afirmación,1
informática,1
burocracia,1
taquillas,1
caldera,1
cñómoda,1
entendía,1
vevidas,1
almacén,1
insoportables,1
insonorizacioón,1
puntuación,1
adios,1
cargada,1
mesicen,1
link,1
desaguaba,1
excesivamente,1
mañanas,1
gastada,1
pedo,1
escuche,1
mirará,1
sentrate,1
raja,1
amigos,1
maquinaria,1
continuo,1
diligencia,1
confío,1
espero,1
cargado,1
insufrible,1
sabido,1
pagando,1
empresa,1
cazo,1
queriamos,1
pasadas,1
ladrando,1
intentando,1
pedido,1
planchar,1
lectura,1
lamparitas,1
acústico,1
reclamarla,1
factura,1
necesito,1
contraventanas,1
restaurantes,1
ocio,1
miradores,1
rellano,1
guiris,1
piara,1
ininterrumpidamente,1
soñando,1
obligan,1
retrasaría,1
facilitó,1
especial,1
ocasión,1
anteriores,1
aceptaban,1
implementos,1
faltaron,1
vence,1
lees,1
vertual,1
perdona,1
tediosa,1
mojó,1
perdía,1
botellon,1
fastidio,1
verdadero,1
abrirle,1
portero,1
agobiante,1
mirador,1
fabricarse,1
vinieran,1
maratón,1
imágenes,1
aspirador,1
escueto,1
dañados,1
camino,1
común,1
mínimo,1
medias,1
rollos,1
años,1
niño,1
ensaladas,1
tazones,1
encendió,1
insonorizacion,1
mísero,1
sartén,1
siquiera,1
podíamos,1
largos,1
botellines,1
separado,1
venir,1
maleta,1
importancia,1
liamos,1
pilas,1
despertaba,1
trapos,1
orgànica,1
resolvieron,1
deberíamos,1
equivoqué,1
movían,1
muertos,1
sabemos,1
paseo,1
ota,1
notar,1
cumplió,1
párking,1
imposibilidad,1
dejara,1
cierta,1
informar,1
ayudara,1
encontraba,1
pasarían,1
diciendo,1
gestión,1
tuerca,1
maquina,1
explica,1
regalo,1
eche,1
atraves,1
hojas,1
comoda,1
ajuntamiento,1
contenedores,1
resta,1
rotano,1
medioambiente,1
mano,1
lavando,1
obliga,1
llano,1
hondo,1
tenedor,1
cubierto,1
antemano,1
mejoran,1
sentirte,1
avisarlo,1
bebidas,1
debíamos,1
indicando,1
asin,1
secadora,1
chiquitita,1
redonda,1
diminuto,1
desinfectante,1
producto,1
colocación,1
lavandería,1
lavavajilla,1
jabones,1
estropeada,1
calma,1
proporcionado,1
alarmas,1
pala,1
fumando,1
calvd,1
cma,1
certera,1
auxiliar,1
carece,1
ola,1
acondionado,1
imagen,1
actuar,1
saltaba,1
continuas,1
duro,1
volumen,1
funcionara,1
conseguí,1
rojo,1
naranja,1
pagos,1
distintos,1
tardas,1
fisioterapia,1
sesión,1
costar,1
seguidas,1
porqué,1
explicado,1
circular,1
exteriores,1
yendo,1
ocurría,1
cercionasemos,1
responde,1
delsistemainformático,1
caída,1
excusan,1
recinto,1
ingeniar,1
mela,1
hotely,1
regresando,1
elsistema,1
disponer,1
consignas,1
contaríamos,1
viajes,1
futuros,1
paño,1
numeritos,1
panel,1
pidiendo,1
recibimos,1
ayuda,1
desistir,1
escurridor,1
horror,1
desactivo,1
comunitaria,1
gustos,1
fenomenal,1
chirría,1
ofrecerlo,1
pertenece,1
losteléfonos,1
aparte,1
búscate,1
diez,1
ducharme,1
secar,1
inundó,1
estanteria,1
bañofalta,1
cuartos,1
maquillarse,1
comedorfalta,1
minimofalta,1
equipamiento,1
notaban,1
conozco,1
operativo,1
coste,1
supo,1
encargado,1
equivocada,1
despersonalización,1
recomienda,1
bebes,1
familia,1
trabaja,1
registrar,1
dificultades,1
voz,1
evaluar,1
descansando,1
requería,1
cafeteria,1
merecería,1
ofertas,1
comparado,1
resumir,1
comentarios,1
podríamos,1
yamaguchi,1
parque,1
atardecer,1
esperábamos,1
decepción,1
restringidos,1
preciosa,1
elegir,1
reservarlo,1
averiguarlo,1
largas,1
pasable,1
ordenador,1
geles,1
repisa,1
bandeja,1
grill,1
lavarlos,1
sonó,1
plena,1
bn,1
situ,1
externo,1
adecuado,1
beneficios,1
invertir,1
necesarios,1
contestar,1
tardan,1
desponibilidad,1
echarte,1
avión,1
alojada,1
chinches,1
encontré,1
objeto,1
valor,1
compensaron,1
juguete,1
perdió,1
deluxe,1
incómodaera,1
podias,1
oportunidades,1
solicite,1
nochesel,1
despertaron,1
carros,1
arrastrando,1
recoge,1
refresco,1
antipático,1
moscas,1
cerrado,1
año,1
estación,1
pantalla,1
cercanos,1
levanta,1
generar,1
obtener,1
hiceran,1
metiera,1
obligó,1
cobrarnos,1
cargaron,1
bot,1
hablas,1
necesitas,1
oscuro,1
verano,1
pastillas,1
exigentes,1
fundidas,1
ampliar,1
cazuela,1
destacar,1
ocurre,1
suceso,1
enterado,1
significativamente,1
vio,1
ventilacions,1
lavarropa,1
trasporte,1
céntrica,1
acostumbrados,1
explicación,1
oler,1
alcantarillado,1
avisen,1
abrieran,1
queríamos,1
durmieran,1
pin,1
cogia,1
efecto,1
mesilla,1
diferente,1
estudios,1
mirar,1
lateral,1
acabó,1
pagarlos,1
necesitases,1
huespedades,1
esfuerzo,1
explicarlo,1
intenté,1
espagnol,1
naturelle,1
et,1
claire,1
fidèle,1
traduction,1
une,1
voici,1
desgastada,1
manchada,1
tapiceria,1
incordio,1
llevábamos,1
reclamamos,1
publicidad,1
supuesto,1
alquiler,1
engañosa,1
muestran,1
ibamos,1
espejos,1
adicionales,1
reembolso,1
efectuó,1
rechazado,1
llenas,1
impregnaba,1
asignan,1
simplemente,1
corresponden,1
pegada,1
vencido,1
regla,1
anunciada,1
suponer,1
unica,1
observaba,1
unicamente,1
trasera,1
balcon,1
gestionaron,1
abonado,1
reembolsaran,1
reclamos,1
responsabilizó,1
dijeran,1
llegara,1
perdimos,1
responsabilizaba,1
accedía,1
bajaba,1
persiana,1
solicitamos,1
inseguro,1
luminosa,1
aplacó,1
instantes,1
correr,1
sube,1
solicitarlo,1
pedirla,1
arregló,1
electricista,1
suceder,1
volvió,1
media,1
bomba,1
balde,1
quee,1
escribo,1
metala,1
dejarla,1
cajonera,1
colgar,1
quién,1
ofrecieran,1
llegaría,1
comederos,1
acabasen,1
spray,1
hormigas,1
contiguos,1
inmueble,1
apretados,1
ajuste,1
mantenía,1
dejaran,1
eco,1
descubrimos,1
comentarlo,1
plus,1
denegó,1
dejáis,1
pasada,1
literal,1
depósito,1
inicio,1
específica,1
estadía,1
gata,1
refiere,1
admiten,1
elegí,1
especificaciones,1
encerrado,1
escuchaban,1
inquilinos,1
vecino,1
ocurrido,1
hacian,1
locales,1
cruzar,1
sobra,1
terminar,1
andar,1
hartas,1
cansadas,1
engañoso,1
pides,1
finalizar,1
recibí,1
demora,1
excepcional,1
pelin,1
ciertas,1
